text,label
太好哭了，心中TOP1！,10
前中期比较神神叨叨的，很多时候看不懂角色想要的诉求，只到进出岛了才终于搞清楚了，剧情也变得好看了，这一部我认为相较上一部来说更注重于政治与社会层面的探讨，和上一部各有优劣吧。这季度单元剧很少，可能是因为合田和久世这两个人的主线爆发了两个事件，好消息是补上了一点其他队员的个人回。总体来说也算是补偿了第一部的遗憾,9
补标，第一季没写什么就在这里感慨一下，sac里的很多东西真的是常看常新，不得不让人佩服其无与伦比的前瞻性,10
无论哪一个方面都是神作啊！,10
第二季的政治味道浓了很多，剧本的完成度简直离谱，并且对于社会系统的反思是划时代意义的，把一个后现代社会的种种弊病呈现给观众，并且塑造了一个个完全的人，神作无疑,10
不同于押井守执导的剧场版塞满了抽象、隐喻，弱化情节以强化哲思，TV版更加紧凑、悬疑，以事件驱动叙事，在主题方面侧重于社会结构、政治权力与技术伦理，而非像剧场版那样聚焦个体存在主义与意识本质。个人认为两部剧场版其实要比sac更优秀的，但是TV版融合了政治阴谋、社会议题与角色成长，更贴近大众娱乐需求。,10
“套着资本的皮，本质上还是理想的社会主义”最后的日本独立，难说。灵魂的ghost也能存在于网络之中吗？还是挺令人期待的。核独立还是能理解，毕竟现实也一样。001日圆级别的贪税，颇具现实意义。日本难民问题，就是预言级。再往下解析，就该进去了。,10
就算不习惯看这类型的也能给出较高的分数,8
“让阳光透过我的手掌我的热血鲜红地流淌”，核弹的尘埃落下，化作和平的雪，机械们的灵魂飘向深空，在世界的角落悄悄地洒下自己的星屑；虔诚的骑士挥舞着十字架，两个久别重逢的灵魂手握青苹果，在废墟深处相拥；“你能用义体折千纸鹤吗”“现在可以了”，但你却再也没有机会亲眼见证。或许，到最后的最后，StandAloneComplex既无关笑面男的幽灵，也无关个别十一人的陷阱，而是关于在这个冰冷、腐化的赛博地狱，每一个孤立的、匮乏的个体，在苟延残喘中，仍然得以将自己最后的温度，凝聚成这残缺世界的一寸光芒、一缕希望。以冷峻、深邃的政治寓言为外壳，这是一个有血性的故事，亦是关于Ghost的赞歌。,10
不如第一季，搞出一个久世英雄来搞个人英雄主义，素子的恋爱脑也使观感直线下滑，但瑕不掩瑜,9
补评分45依旧宏大的世界观。动画的画面比第一季进步很多。主题和第一季差别很大，涉及更多政治、外交的内容。剧情主线基本理解，但一些细节问题还是没看懂，尤其是结局部分，隐喻比较多。难民问题确实超前，但久世解放人类的方法不敢苟同，有种通过网络改变人类向下流的天性，以此创造美好乌托邦之感。反正主题方面我觉得还是第一季关于stayalonecomplex的哲学内容更有意思。,9
很难想象这是04年的作品，只能用神作来形容,10
剧情人物55伟大无需多言主旨33（放在日本动漫里）确实思考了不少东西音画表现22,10
低配版和平保卫战，第二季则是沿用了第一季的结论，并用现实主义的角度描述了日本的政治争斗，最终得到国家须倾尽一切也要独立自主的结论，所谓“无穷无尽的忧国之路”。做动漫高手如果不看攻壳机动队，那无疑是失败的,10
论综合质量sac2无疑是全年代TV的顶点，但这个系列只有题材我不喜欢，无论是押子的“鸭味”，还是神山的现实主义，以及Ghostintheshell本身在讨论的赛博朋克意志，后人类社会还有所谓正义这些我都很喜欢，但无论以何种形式沾上政治，我都会嗤之以鼻，这东西会给作品上枷锁，更会把其锁在一个合理的框架上，成为所谓的符号化。对于我来说讽刺的是如果会出现比sac2更优秀的动画的话，那么被政治锁住的社会将会解放吧？无论社会如何演变，全体意志和公共意志间存在巨大差别，前者顾及私人利益不过是个别意志的总和，但却能消弭个别意志中相互抵制的正反两面。而剩下的正面一直或反面意志即代表公共意志，而后者只考虑公共的意义。不过对于我来说，去除所有别的感受，自身存在的知觉基本身即为一种非常可贵的安宁，只在这种心境中寻求补偿，这不是命运或别人能夺走的。,9
唯一缺点是有点看不懂,9
在大学结束衔接工作的假期中刷完的，科幻的“壳”以及对内心的探讨都令我欲罢不能。它使我对我的工作（程序员，里面的设备亦或使用方式等都太炫酷了。现在看有种中古科幻的感觉）更热爱了一分，同时又推着我去阅读了《麦田里的守望者》《香蕉鱼》等著作对我的ghost有着重要的影响。,9
Ghost与身心、网络与肉体、奴隶国家与消费国家、个人主义与社会集体，不论是哪一个主题的内容都非常令人深刻，好看。,9
神开启一个时代，后生不知道他的功绩。,8
创作思路还是停留在“讲一个有深度的故事”这个茧房里，所以gig和很多佳作的区别也仅仅是剧情更好而已，但它缺乏真正有感染力的剧情，塔奇克马、久世素子线、巴特，有关他们的所谓的感人的桥段都显得有点刻意，欠缺灵性的叙事和深度优先的信条是导致这一结果的根本原因，时好时坏的演出和作画只能说相比一期有进步，无法对作品本身的上限带来实质性的提升,8
政治斗争冷酷严肃，剧情处理密切缝合。不愧是日本科幻的台柱级别，在如今人工智能时代反而愈发显现思想锋芒，给我这个科幻迷看爽了,10
要不是这部动画我也不会去学什么劳什子生物医学工程,10
太严肃了所以评分的人数才这么少全员聪明人的番真越来越难找了，后期的政治斗争第一次看的脑仁疼，结合现实重刷方觉惊为天人但整体感觉配乐一般，一分扣配乐可能是本人专业问题，感觉还是第一步更好,9
确实是无愧神作之名，虽然前期的单元回略有瑕疵，但是所谓的神作绝不是毫无缺点的。相对于1，2的故事性更强，后期多方势力盘根交错，局势诡谲莫测，但是对每方势力的描写都细致入微，最难得的还是给了一个值得回味的结尾。虽然一切好像又回到了起点，但同时也是新的开始。,10
绝对值得吹爆的10分！虽然单元剧节奏偶尔慢热，但主线的政治博弈堪称教科书级别内阁、外资、难民组织多方势力暗流涌动，信息战和心理操控看得人头皮发麻。塔奇克马的意识觉醒简直惊艳，当AI战车唱着歌挡住核弹时，机械的浪漫主义直接封神。最戳我的还是对现实的预言：难民问题、网络操控、集体无意识，如今看全是神准的赛博启示录。尤其是个别十一人事件，把乌合之众的心理拿捏得死死的。虽然配乐没有第一季那么抓耳，但菅野洋子的电子迷幻风配上九课雨中作战的场景，还是帅到起鸡皮疙瘩。作为二十年前的作品，它讨论的AI伦理和意识本质，在ChatGPT时代反而更显深刻。可能新人会被复杂的政治线劝退，但熬过前10集后简直停不下来。这不是快餐动画，是需要配着弹幕解析食用的硬核科幻盛宴，至今仍是我心中赛博朋克的巅峰。,10
有些比较无聊有些有点意思,7
感谢神山为我们提供了新的思考维度，让处于和平中的我们能够借由他们的体验与经历参与他们所描绘的世界带入和思索我们以自己的经历也许永远不会构想却无比真实的宏大叙事与人文内容甚至在不远的将来这些内容可能回对我们产生启示。sac对我来说就是这样一部具有时代性的作品。,10
一部内涵极其丰富的科幻动画。故事对人意识的存在以及社会问题进行了各种各样的探讨，各种主义思想也在作品中提及，结合日本当时的年代，也充满了极强的时代印记，这也使得我久久不敢对此作做出最后的评价。单从故事来说，这绝对是无与伦比的深刻动画。或许是我审美较低，在观感层面上其实比不上现代的霸权新番。这也能理解，现在的动画肯定更符合现在的受众，动画这门艺术也是在不断进步的，视听语言、演出技法这些都会影响作品最后给人的感受，而在这一点上，本作并没有给我过多的演出上的冲击。但是，本作给与了我看番以来从未有过的强烈的政治思想冲击，不是反意识形态的那种，而是对社会、国家的更具有普适性的观点，这是思想层面的震撼，也是挺有趣的。,8
私货有点多，但无所谓,9
96在第一季的基礎上擴大了野心，把目光放到更遠大的國際關係與國家未來，GIG才是檢驗9課和神山智囊團有多大本事的一季。浪漫主義的體現比第一季更加強烈，配合上菅野洋子的配樂，哪怕是悶片也能讓我沉迷其中無法自拔。支線與主線的關聯性變得更強，劇本如同合田一步一步推演理性的展開，9課在分散後再次重新集合，塔奇克馬也再次違反命令，少佐也致敬了經典一跳。一切都沒有改變，包括日本的國際地位，難民問題回到原點，而日本的未來仍然只會在大時代背景的浪潮中在夾縫中求存，繼續上不去下不來，直至死亡的到來,9
SAC的真谛,9
政治戏看爽了,10
赛博朋克作品一个绕不开的高峰政治与社会个人与集体意识与灵魂存在与虚无,9
具有一定前瞻性。应该会是一部常看常新的片。,10
比第一季更好看了,8
一部无论是从剧情还是人设上都不会让人觉得无聊的作品,10
重要的是，我终于遇到了我最喜欢的那种反派，就是不自己亲自下场，只是加以引导就可以达成自己的目的，在这之前我只遇到了一个半，一个是高达seed的克鲁泽，半个是泽塔奥特曼里的塞雷布洛，半个是因为最后他还是亲自下场了，第一个他对整个战局只是充当一个关键时刻搅局和送情报的工作，但是攻壳2的反派是真的牛逼，他依靠国家力量与情报管制直接造成了国家内部的分裂，并且当主角意识到的以后大势已经完全无法挽回，太牛逼了这个反派不是，攻壳二这么硬核的科幻番里，写感情戏的时候居然是天降青梅？！！！,9
更社会心理学了，但比1差点键政,7
少数单元剧和作画瑕疵，此外神，赛博朋克和军事政治交织出的无力感不过主观上我还是更喜欢笑面男的故事，gig看的发闷,10
92以劇情來說還是比較喜歡第一季的笑面男第二季SAC的展現相較第一季來的混濁卻又更深刻對EP21展開的有點失望但結尾卻收束的很好搭上菅野洋子的配樂把情感渲染做到了極致EP11和26的前後呼應被久世救贖與復仇的三觀所感染最後留了上部構造的懸念塔奇克馬鞠躬盡瘁邊唱歌邊擋下核彈再次違抗命令遵循自我完美詮釋圍繞在一二季中Ghost的核心也在片尾留下彩蛋政治戲碼燒腦到不行隱含的各類主義各種思想以及各單元回的反思餘音繞樑不細品真的很難理解其內核最後把悟道理念融合進賽博世界觀中實現網絡諾亞方舟、賽博飛升這腦洞不是真一般的神,10
好累呀看得ghost会随着肉体改变而改变模糊的界限，阴谋和阴谋论创造仇恨连锁，让“消费”（迫害）在语境中合法和现在网络社会上一些逐渐娱乐化的东西很像呢高度信息化的时代，仇恨的挑动是否变得更简单一种思想单极化结局倒是没有吊书袋，重心变了，但平衡很好不那么sac的，赤红色与黑灰色交织的攻壳机动队延续了95对ghost的探讨,9
gig本质上是处在pat2和无罪延长线上的作品，比pat2思考了更多，比无罪更浅尝辄止。做到了很好的抛问，并没有给出解答。但并不全是坏事，大众化的剧情和发散性的脉络，使得gig在鸭子这一脉的剧本中无疑是最出彩，最平衡的。义体将人的身心剥离后，网络又潜移默化地制造出相似的个体意识，因此合田得以伪造出名为个别的十一人的sac现象。但即使在集体无意识的漩涡中，也会出现真正拥有独立思维的Hero。顺应向低处流的群众心理的十一人，其ghost不知道在何处徘徊；而鸦群中的白鸽，偶然拥有个体意识的机械，则作为先驱者奔向了网络。难民问题与社会动荡仍未解决，但革命已经悄然发生。它从不是金字塔顶端的更替，而是下部构造开始的推倒重建，先驱者们已然彰示了这点。我们的shell暂居此处，而我们的ghost将去往何方？,10
太他妈牛逼了,10
10。跟带火一起看的就是爽，治好了我的补番拖延症,10
赛博朋克的不朽名作。,10
优秀的赛博朋克动漫但是不对我口味,8
这一季环环相扣的政治戏真心精彩，第二季的主线从格局和连贯度上也胜于第一季，结局前的56集更是高潮迭起，可惜结局虽然演出依旧给力还是感觉略有些机械降神，力度有所欠缺，不过整体来讲，瑕不能掩瑜的百分之一,9
赛博朋克的巅峰之作,10
不可多得的好作品。对赛博朋克背景下的社会与哲学思考颇为深入，值得细细品味。,9
9510日本TV动画的巅峰，丝毫不输押井守的两部剧场版，神山可谓弟子不必不如师啊（笑）比起前一部，gig在科幻设定和现实反讽上尤为大胆，讲谈穿插的政治话题具有前瞻性，同时整体剧情节奏也更加紧凑。“难民危机”“国民冲突”是主线的两大核心要素，是基于不同想象而对现当代矛盾体的阐述，正因为矛盾本身存在于社会意识形态中，从而衍生出以久世和合田为代表的两个极端派别，因此我认为表层是在讲社会革命中的阶级斗争，实则还是离不开探讨ghost与个人肉体的阶级关系。二刷，op、ed、插曲都非常好听,9
故事的推进相当缓慢，但终盘的爆发却展现了对政治和历史魔法般的扭曲能力，灵魂与肉体的迷宫所带来极致的眩晕和怀旧。英雄就仿佛是一首诗，一个孤独到无所在场却依然返回家园的形象，思想与理想的碰撞，上层与低处的地形学隐喻，在这个无家可归的世界中找到自己的归宿，以此来填补肉身中那个空虚的无；但当回忆中一句漫不经心的言论、一种神秘象征的再度回归（千纸鹤、青苹果、以及‘Ido’），它们揭示了某种令人惊愕的事实我们存在，而不是不存在。在所有革命行动光焰夺目的生存战略的阴影中，在新世界亚当与夏娃“运命の果実を一绪に食べよう”的诗情画意背后，十字架似乎总是被那些无罪的ghost所承担即使是作为机器生命体塔奇克马，也在歌声中勇敢地承担了它们的责任，它们甚至真正地经历过“两次死亡”，而本作的时间，也恰好位于“两种死亡”之间。,10
一部完美的动画,10
第二季补完，相比起第一季观感更沉闷压抑但完成度更高，在整体结构和宏观叙事上的把握相当优秀，讲述九课成员过去的支线回尤其喜欢，主线上随着情节的推进各方势力逐个介入，各方矛盾刻画的都相当生动，完成度太高了，尤其后面几集高潮爆发，其多线叙事的优秀真的想让现在业界看看,10
感觉比第一部更难懂，或许需要多看几次、总之出走半生归来仍是神中神,9
信息量超高的作品（而且几乎全部来自于台词），尽管结尾有些仓促，但是作品主线的节奏紧凑，哲思丰富，并且部分单元回浪漫，政治戏精彩，确实是非常厉害的作品,10
伟大无须多言,10
虽然觉得cjb，也配得上9分,9
“你能用义体折千纸鹤吗？”神山的巅峰，屹立于赛博朋克金字塔之尖的动画寓言。在“难民问题”、“互联网大数据”上具有一定的前瞻性。主线相比第一季更加严肃深沉，SAC的脚本团队以“难民困境”、“党派斗争”为媒介，创作出赛博朋克版“和平保卫战”。菅野洋子的配乐依旧火力全开，《サイバーバード》印象深刻。第二集脚本功力深厚，生动表现出赛博朋克世界下无产阶级的处境，辛辣的讽刺究竟是对自称“左翼人士”的空想家们的批判，还是因上世纪日本左翼运动失败而产生的自嘲呢？二十二集天台对峙的分镜、长对白异常精彩，全季最佳。作为神山健治的“木偶泥塑”，久世英雄过重的“汤姆苏”味算是本片的一点瑕疵。结尾荡气回肠，核弹升空之时，男人背起了十字架，女人拿起了苹果，AI高歌着“我鲜红的血也在流淌着”。我不知道仿生人会不会梦到电子羊，但义体手指确实能折出千纸鹤。“你们一定有GHOST”,9
可以说是tv动画中最优秀的剧本了，单元剧质量高，主线的政治戏精彩绝伦，而且紧紧扣住主题standalonecomplex，克制的演出和顶级的配乐能让人更好的沉浸入剧情，同时又有一定的深度，完美的作品！,10
Thegreatgiginthenetworkedsky,8
感觉个别十一人的剧情没有笑脸男好看故事的最后，又是塔奇克马挺身而出，意难平,7
初看不觉有多神越看越觉得牛逼单元与主线之间融合恰当割裂感小无论是单元还是主线都相当优秀说是最好的动漫也毫不为过,9
二刷完毕。在作画、配乐硬实力这么高的情况下演绎出精彩非凡的故事，同时还有很多值得深挖的地方，不愧为杰作。,10
结尾有种设定刚刚展开的感觉，多出好多东西可以讲。虽然这部探讨的主题很深刻，但是给我一种没有讲好的感觉，比较令我失望的点是“革命”。肯定有我没注意到的细节，之后会重新看一遍（20241017）,10
有时间重看一下,8
初中时代看的，距离今日已有十年，仍然是我最喜欢的动画,10
单元回质量稍逊上一季，且主线也没有了笑脸男事件那样的悬疑氛围，取而代之的是沉闷至极的观感。但本季在整体结构与宏观叙事上的把握可谓是惊为天人，随着情节的不断推进，多方势力逐个介入，伏线爆发，最后的翻盘点也与前面单元回剧情呼应，总体剧本非常扎实。此外，小到感人至深却丝毫不拖泥带水的虐恋，大到国与国、国与民、民与民、人与机间的矛盾刻画，其完成度不说日本动画，哪怕是放在整个影视界都相当出彩。,9
补一下评分，常看常新的神作，在政治、哲学、宗教方面都是有深度的刻画，菅野洋子的配乐依旧顶级，ido是真的喜欢，可惜的是近几年乃至以后的动画很难再出现像这样优秀到堪称艺术品作品了。这部相对严肃而且晦涩难懂的作品里，很喜欢塔奇克马们时而带来的轻松氛围，最后真的希望能把他们的ghost找回来啊இ௰இ,10
塔奇克马又牺牲了GIG比SAC的政治戏多，主线更紧凑，但我更喜欢前作的单元回,9
一部GIG，半首预言诗,8
赛博朋克系作品最高的山，探讨的议题和其内涵都十分超前，对于那个时代和社会像一面镜子，映照现实的同时引人深思,10
塔吉克马虽为ai但何尝没有goust,10
单元剧平均质量相较上一季稍差，但是瑕不掩瑜，主线实在优秀，配乐、分镜、故事都相当顶级，兼具思想和艺术的作品。唯一不大舒服的地方大概是这一季的主线还是太闷了一些，九课一直被压一头，高潮集中在最后几集，情绪稍微有点缺乏释放,9
剧本很优秀，表达了很多普遍的思想和持久的问题，科幻的一部分魅力就在于此，我们仍能感受到那存在的真实。,10
这个系列是真神,9
人类的未来在网络的海洋中,10
很少用圣人的眼光看一部作品，时代的分界线，绝对的冷门佳作,10
伟大，无需多言！,10
个别单回中的“降智”不少，但主线而言跌宕起伏出人意料，如果看之前能了解一下攻壳的地缘政治格局大概就能更好理解这个故事了。最后合田的新冷战格局计划破灭，难民问题也回到原点，实在是意味深长回味无穷的一作。,9
比起GIG更喜欢SAC，比起神山健治更喜欢鸭子版，虽然不差，但是差点,8
主线和支线的关系处理比前作好，素子的感情戏处理略有问题,8
久世和合田的角色塑造有点片面，缺乏动机发展剧情降智之处也比第一季多些,8
充满了政治思辨的成熟作品，在20年前就对当今现实世界做出了准确预言,9
唯一的缺点就是素子和久世的感情处理得不太好,9
幼稚的政治片，革命不是这种儿戏，bro以为自己是芬兰，还社会主义上了。神山健治水平差鸭子太多了，第一季还好，第二季非要扯上难民问题，一下就露馅，太弱智了。素子莫名其妙的降智，巴特、陀古萨的塑造也和第一部差很远。前半部分8分，后半部分撇脚政治戏码5分，综合65分吧，05分给塔奇克马，勉强得7分。,7
没有最后一集连就第一季都不如，但是最后一集拉高了整部番的水准,9
个人认为除了不稳定的作画之外这一作没有任何缺点,9
帕兹和斋藤的个人单元回就是神作，素子的草迷宫也是刷了很多遍了,10
精彩绝伦的政治推演，从个别的十一人到久世英雄，包含了难民问题，国家主权等的一系列讨论与反思，内核足够深刻。,9
SAC2ndGIG，主线前中期节奏不如SAC，单元回质量爆棚，收尾强劲有力,8
从难民问题到核武危机，再到政治权谋和国家利益博弈。相较于sac诸多的单元回以及意识流哲学的讨论，gig的主线份量更加紧凑和丰满，同时少量的单元回补充了⑨课成员的塑造。虽平均质量不及sac，但仍有不亚于主线的神回。把持着冷峻的氛围下，整部作品的交错叙事所蕴含的信息更加庞大且复杂晦涩。多方势力都有着自己牵扯的立场和目的，揭示政府、社会和阶层之间错综复杂的纠葛与斗争。许多前瞻性预言放到如今依然有着警示和反思作用。当一切回到原点时正如久世所说的一样：水往低处流，其实人也在往低处走。比较喜欢的章节：ep2空想懦夫ep11素子回忆ep13habitat67ep15自由悖论ep22顶级文戏ep2526强劲收尾,10
想到的远比见到的更多，将政治权谋、利益冲突、难民危机、人权斗争、秩序维系、生存之理、人性本质、灵魂探究等思考编织在一起，勾勒出了一个深邃而宏大的故事。从矛盾的发展到矛盾的激化到矛盾的爆发以及最后的收尾，故事线一气呵成，循序渐进的同时不断牵引出对人与社会的深度讨论。主线与支线交织发展，相互服务，极大程度上提高了故事的精彩程度，唯有啧啧称赞。,9
攻壳二期又回到了一种鸭片的模式，加入了难民这条强政治色彩的主线，而穿插其中的其余社会问题则进一步展现了押井守一贯的风格，但赛博的色彩就没有那么明显了，在难民这条主线上，受限于时代与日本本身社会的境况不适格原因，并没有处理得足够精彩，但这一主题与今日仍甚嚣尘上的难民问题遥相呼应，足以体现其底色之美。,9
赛博朋克哲学TV版相比剧场版更有人情味除去主线将每位角色的身世都介绍的清清楚楚,9
整体很不错，结尾感觉粗糙了，首相能掌握空军为什么到最后才出现，空军的设定似乎把前面的矛盾推翻了,9
将政治阴谋、利益冲突、人性善恶、核武危机等重要元素编织在一起，完美结合，勾勒出一个完美的故事。自由与和平究竟在何处？这是永恒的发问，永远掷地有声。第一季指出了个体在SA和SAC中徘徊的现象，新时代的人类因此被信息的模因束缚着。那么第二季则是沿用了第一季的结论，并继承了攻壳的现实主义角度，描述了近未来日本的政治争斗，最终得到国家须倾尽一切也要独立自主的结论，所谓“无穷无尽的忧国之路”。Standalone给我极大的震憾这已经是正在发生的现实，人工智能、经济变革。就算如此完美也不如押井守的攻壳机动队剧场版！,10
如果只让我挑一部动漫是满分作品，我会选攻壳机动队SAC2ndGIG。丰富的信息量没有废话值得多次观看，讨论的问题的深刻程度哪怕放到50年后也不会过时。虽然并不完全是六边形战士，但是在某些方面它已经做到了无人能及,10
世纪初的神作跨领域的深度虽然被诟病与原著风格差异过大但是也不得不承认是押井守奠定了被广为人知的攻壳风格以及今天的地位高度士郎正宗笔下的少佐甚是活泼期待一波,10
与其说惊艳，不如说对赛博朋克作品的见怪不怪的当下，这样的作品才让人安心。本作中，成熟不是一种包装，不是一种掩饰，甚至连信念都不是，而是一种安之若素的日常，一种“大人”不自知的魅力。以至于在青少年向作品中被呼天撼地的大事件，在本作中也不过是一次工作，一个可以通过多种既定手段解决的问题。不再有黑与白、对与错，只是两种不同的解决方案和执行他们的人之间的较量罢了。精彩精彩,9
很颯草薙素子使我的怦然心動來自瓷器,9
剩下半分揢置我的疑惑,9
伟大的作品，与其说是科幻不如说是对未来政治形势的思考，对于难民问题，SAC，政治冲突意识形态均有很强的预见性与深思，多线的故事节奏也把控的十分出色，音乐依旧厉害,9
相比于第一季更加严肃些，对政治的讨论，对社会心理的剖析确实引人深思。一下子从日本扩展到全球，多少有些让人觉得超现实了，但无论如何，作者通过作品想表达的思考确实传达到了。,10
未来还会有这样的动画吗？,9
真的是非常棒的一部神作。,10
水往低处流，人心也是,9
Standalone给我很大的震撼，深的东西就不讨论太多了，毕竟涉及政治,10
我们的热血鲜红地流淌着，所有人的喧嚣终将被历史挑拣。自由与和平究竟在何处？这是永恒的发问，永远掷地有声。如果说第一季指出了个体在SA和SAC中徘徊的现象，新时代的人类因此被信息的模因束缚着。那么第二季则是沿用了第一季的结论，并继承了神山攻壳的现实主义角度，正面精到地描述了近未来日本的政治争斗，最终得到国家须倾尽一切也要独立自主的结论，所谓“无穷无尽的忧国之路”，当中苦心实属日本动画界少有。而一众人物的人性，从往事中，从恻隐中，一笔笔地侧写出来，在黑暗中更有一丝理想主义的光辉。内核远超SAC，但文戏的编排至少在娱乐性上要比SAC差半个档次，尤其前半部分整体的文戏水平和作画水平都有些敷衍（比如陀古萨回中他的表现和本回剧情在全剧中的作用都让我想不明白）。另外对模因等核心设定的讨论，实在无法对社会的描绘和批判相衬，说难听点，其本质便是良心的政治呼告。,8
动漫作品中最棒的政治戏。单元回在sac系列中一直是块短板，好在这次第二季中几乎没有纯粹的单元回，大多单元回都和主线挂钩，又或是九课主角们的个人回，这季补齐了斋藤和帕兹的个人回，不过仍有部分九课的主心骨没有属于自己的个人回。纯粹的单元回依旧水平偏低，例如堪称灾难的ep10审判回。虽然同样采用半单元半连续的模式，但大多单元回与主线挂钩使得观感不像上季那般割裂。sac系列的主线质量依旧十分过硬，本季从难民问题着手，带出个别十一人的sac现象，故事信息量巨大，涉及到的势力多，动机手段复杂，博弈质量顶级。格局和场面比上一季宏大，主线情感文戏方面依旧是由塔奇克马撑起，比起上一季也更为优秀。不过笑脸男中后期充满反转和贯穿故事的伏笔照应，这一点依旧是优于本季。本季合田本来是算无遗策，结果竟没有留后手，没有进一步挣扎和反转，核弹拦截后就败下阵来较为可惜90,10
水平极高的政斗和智商在线的反派看着可太过瘾了,10
一身独立，一国独立。女性总是作者对理想的投射,9
精彩，但是政治浓度过高，更喜欢第一部,9
相比第一季，主线更紧凑，完整，各方理念的对抗，反派合田的手段等刻画的很精彩。不过虽然仍然有不少很神的单回，不少单回偏闷偏念经，以及有部分支线回（虽然和主线也最终联系很大），剧本都合或老套有些过于严重。虽仍是绝无仅有的作品，但是个人更喜欢第一季。,9
对第一季的拙劣模仿，久世英雄和素子最后都是小丑,6
深度与故事性的最佳融合，带有反乌托邦色彩的作品,9
这已经不是科幻，而是正在发生的现实人工智能、难民危机、经济变革、模因污染,10
每过一段时间人生阅历有所变化都会想起来再看一遍,10
属于是常看常新,10
8变成了彻头彻尾的政治剧，比第一部涉及到更多世界观描述，看的很是头大。单元回比主线有趣，久世的塑造很失败，前面花大量笔墨从侧面烘托其具有的领导魅力以至于可以称得上魔力，然而展现给观众的却没有那么出彩（难民自爆拦机事件）。最后剧情有些狗血，事件远没结束，有些怅然若失。有待二刷,8
相比第一季轻政治重科幻的风格，这一季基本围绕政治戏进行演绎，政治戏的水平纵观动漫史可能都无人能敌。,10
相较于第二部，更喜欢第一部，第二部叙事结构挺传统，线性展开，穿插个人回，主题也没1那么有新鲜感,9
理想的不够理想，现实的不够现实，部分情节让我想起了看怪物时的感觉，这也算是埋深伏笔的通病了，剧情发挥上还是太克制了，其实从第1部上就可以看得出来，但相比第1部发挥不够出色，第1部主线的剧情节奏相当可以，收力也收的巧，这部无论是思想上还是剧情上，基本全面不如第1部,7
比起第一季不那么晦涩，可能是评分比第一季高了一点的原因hh,10
这是二刺猿的浪漫哲思情怀,7
202474,10
动画史上世不二出的巅峰之作。音画的完美呈现，出色的人物塑造和动画巅峰的剧情。这是一个真正负有人文关怀，深刻内涵，哲学思辨的反乌托邦神作。杰出世界观和政治局势上让攻壳的在社会和自我的探讨推向了动画的顶峰。塔奇克马肯定拥有ghost了，一个会独立思考的生命怎么没有ghost呢。,9
伟大经典有深度的作品，有部分晦涩难懂，现在只看了一遍，以后要找时间细细品读,10
的，做的怎么这么屌,10
我抛去个人喜好认为的日本动漫巅峰，制作厉害，剧情超前嘛，我都描绘不出了，总之是一部超神作，看完了基本不会有差评。评分9918,10
恋爱线减观感,7
给“GOAT”以最严苛的标准。观后杂感：为什么实现了高性能义体、电子海洋的社会还能用着旧时代的导弹？；网络在这里究竟是什么？剧里似乎没有作出切实科学的说明，而单纯地是将其作为实现一种方案的工具；全剧的主题关涉的似乎是人与社会的矛盾，但讨论此之前，是否应先真细的明确：人是什么？生命是什么？GHOST是什么？我不认为该剧对此作出了足够的思考，而是与大多同类一样，抛了砖罢了。总评，非常独特且优秀的“文娱”作品，或可言史上最佳，仅限动画史，也仅限于所谓“深刻”思考的部分。话说，难道搞笑番的最佳就不能是最佳吗（笑）,8
（8）到底第一会是什么样子呢？阅毕，感觉不如S1EP2系列最佳EP6预告福岛事件是吧处处皆是押井守的阴翳，押井攻壳凭啥不是Rank1啊啊！！！设定可谓是新时代和平保卫战，但真的新时代了吗？网络模因的设定根本就没认真谈吧？十一人不过是病毒、久世难民组织压根是正常搭建的，只是利用NT般强大精神力充当了超屌的宣传部长人文小故事对我来说更加耀眼,8
虽然个人更喜欢电影版的氛围与音乐，但无法反驳这部剧版的优秀。优质的单元回和毫不逊色的主线，还有令人回味的音乐一同构造了这部动画界的里程碑。,9
个人觉得没达到神作水平。感觉有逻辑问题，为什么能有300W人在一个永远不可能获得公民权的国家生活，又不是前工业时代，而且大家都联网，该走就走，除非全世界都容不下。,8
神作，对于赛博世界的观察和哲理分析的思考让人着迷,9
攻壳还不是神作啊？,9
神山两部攻壳剧集的评价，在95版其阴影之下的次生作品,7
鸭子和神山系列补完喜欢的不是攻壳而是其社会迷思,8
目前正在龟速补番中，塔奇克马真萌,9
从排行榜第一开始往下补，能排到第一这个位置其各方面真的都非常的神。但是每一集信息量非常大，单元剧的形式需要慢慢看。,10
考虑时代因素毋庸置疑的神作。但也不必狂吹主旨、内核、剧情、文戏等等，以文艺探讨的话，跟严肃小说差距还很大,9
政治戏更强了,10
贡献了许多极为精彩的单元回，非常喜欢11话，虽简短却感人至深。,9
我永远喜欢母猩猩,10
还在看，暂定9分,9
无可争议的思辨之美，动画可以被称为艺术的最有力证明,10
你TM没看完，一点思考都没有搁着评论你妈，司马玩意儿，cjb是吧，脑袋里也就想的出来这点词了，呵呵，别看动画了，怕你大脑烧成一坨谢特,9
打了很多字，也想了很多。但我最后还是打算放弃评价，至少以本人目前的三脚猫水准还不足以评价,10
听说是神作，浅打个8分看完再改分,8
和平保卫战的TV版，写实的政治色彩比前作浓厚不少，定位于难民运动的话题就算以今天的角度来看都非常前卫，主线与支线的联系比《攻壳机动队STANDALONECOMPLEX》更加紧密。“合田一人”绝对是动画史上最老谋深算的反派，而“久世英雄”则更像“切格瓦拉”那种领导者，完全的依靠个人的精神魅力去影响吸引大众，自发形成了变革的驱动力。本作制造了一个伪STANDALONECOMPLEX，正所谓“水往低处流，人心也往低处走。”,10
赛博朋克之神啊，放了我吧，太多神作要补完了，断断续续的补又不痛快,10
神作不可多得,10
我持保留意见。,8
草迷宫这集泪目了，本以为这把年纪已经不会再被感动,9
好看就完了呀！,10
最喜欢的女神,9
当之无愧的神作,10
无法言说的神作，作者让动画有成为高尚艺术的可能，剧本和动画制作，还有配乐的光辉交相呼应，神作实至名归。这已经不仅仅是一部作品，已经是一种理念，一种意识，一种艺术了。一定会反复看,10
攻壳是最好的硬科幻动画之一，也可以把之一去掉。,10
如何把一部动画作品上升到如此的高度，对现在的新番来说，仍然很困难啊,10
一上来就惊呆了。。。。,10
大概看了十来集以后有机会补上,8
素子女神gtlt,9
第一話狀態就回來了QWQ塔奇克馬！,10
木有standalonecomplex好看的说,9
士郎正宗瑰丽的未来世界,8
內涵物，一時半會補不過來！,10
没看完，打算找个时间好好看,7
素子的感情戏有点降智（,9
ep1呼应上一季了，好看,10
引发思考人生的台词太多，看着看着就疲劳了！,8
看到第11集，个人不是很喜欢新引入的反派，再加上事务繁杂暂且搁置。先给个8分吧。,8
被评分警察惹到了，老子就是要这么打分，咋滴？！,1
还没看完，评价有失公允，后面再改,8
感觉有点过誉了,8
啊啊好复杂的世界啊,7
还有点没看单独的支线少了暂且给9分,9
据说不错还没看。。,7
第二季好看点,8
混入太多概念性的东西并加以细致的讨论，以至于稍微断看几天之后的我就完全融不进去了。该说是都不清楚这到底要将一个怎样的故事呢，还是说大概倒是也知道故事的架构和走向，但是并不觉得有趣,6
伟大，无需多言,10
令人感动的故事，看完后更为珍惜身边的亲情友情爱情。治愈人生的神作,10
为数不多看哭的,10
18话永远的经典,9
Man，whatcanIsay,10
超感动，我没有不打10分的理由,10
读作cl，写作人生,10
当clas真的到了rank2，排行榜前列变动情感系作品天然带来的争议，两种因素组合在一起，只会催生更多乐子人、cl厨、cl黑前来大混战。诚然排行榜一定做不到公正，但混乱更做不到。,10
冈崎朋也的人生啊，唉唉,9
读作Clannad，写作人生,9
前面真的是垃圾至极，到了后面才开始正常，其催泪情节真的是标准韩剧，对于那些对别人说：你现在还小，十年后再看。我的评价是：等你真的出了社会，就会发现这部剧闹嘛的本质,3
读作Clannad，写作人生。,9
gal改的典范，救赎与成长的故事。相比于前作，AS是麻枝淮式编剧的巅峰。,9
你在他的位置做得还没他好,10
现在看来，这个就是galgame改巅峰的一部了。在不同的年龄看到这个时，总会在不一样的地方给予你感动。,10
不忍心再看第二遍的作品。我是真的没想到一把年纪还能被感动的痛哭流涕。,8
对我来说是神作，细腻的情感，学生期的胡闹到走进社会后的辛酸，很有感触，亲情爱情友情刻画的都不错，感人,10
看过3遍，给我带来的感动是真实的，在催泪治愈领域确实1姐，日本人描述亲情爱情友情这类的小格局还是拿得出手的但感觉部分cl粉和key粉吹太过了,8
79本质上就是一个卖泪点的故事，原作我基本打不下去，个人认为差动画好多，京阿尼的改编水平一如既往的高，可惜了，认为还能对其中关于家族关于人文上更细致的探讨，最后的光玉太掉价了。。。不否认其中各种画面蒙太奇和色彩搭配还有音乐很值得学习,7
所以为什么能拿这么高分，不太理解，关于成长和家庭有一定水平的刻画，等10年后再评一次吧（如果10年后还没脱宅的话,8
10年前看完，现在已经有了可爱的女儿，CL这番和游戏已经不会再碰了，补个评分。,9
唯一一部能把我看泪目的番，无须多言,10
唯一一个让我哭得控制不住得最的作品,10
CLANNED之所以能给人感动，是因为这个叙述平凡人的故事中隐藏着许多平凡人的经历。2007年的画风放到现在也并不吃香，但至少在我看到的评价中没有关于它的差评。真正的美，我想是可以超越物质载体和表达形式之限传达到人们心中的。作品的时间跨度几乎贯彻了主角的整个人生，其中出现的人物都是一个平凡人身边形形色色的人：比自己优秀或差劲的同学，不温暖或总是温馨的家庭，不亲近或与自己亲近的家人这些通过男主的视角映照在CLANNAD的世界里，所以这个故事是一个男孩的成长、一个爱人的执着、一个父亲的责任、一群人人生的写照。雪中智代雨中杏，樱花树下古河渚。图书馆中小琴美，资料室里有纪宁。春原兄妹路边走，古河夫妻店里忙。海星风子随风去，花田丛中冈崎汐。一座小镇，一个家族，一生太短，回忆太长。写作CLANNAD，译作经典，读作人生。盖以人生为题，故永不过时,10
有机会再看一遍后半部分,8
学会成长，学会理解，学会承担。,10
改变了我的人生的动画之一，让我重新思考了人与家庭的关系，带给我的意义远不止感动。,10
一部改变了我人生轨迹的动漫,10
节奏很棒比原作更催泪的番,10
神级制作，用前期大量平淡日常的铺垫，在最后几集通过不断的催泪情节，引起观众感情上大的波动。,10
gal改的典范，无需多言,8
看这部番之前泪点挺高的，看什么作品都没怎么流过眼泪，自从看到朋也和父亲对戏，猫在被窝里抱头痛哭之后，共情能力直接提升了几个量级，看什么都想掉眼泪了,10
CLAS的伟大与残缺，恰似光坂镇的樱花最绚烂的绽放总伴随着最快的凋零。它用家族故事的格局实现了生活本质的诚实书写它不回避现实的残酷（如死亡、贫困、代际矛盾），却以温情与希望为底色，赋予观众直面苦难的勇气。它不仅是一部动画，更是一面照见现实的多棱镜，让每个观众在泪水中重新审视自己与家庭、社会的关系。即使情感冲击力再充足，这部作品的短板仍然不容忽视。结局的“光玉”设定虽试图以超自然力量实现救赎，却与前半段现实主义的沉重基调形成割裂，削弱了作品对生命苦难的严肃探讨。这种幻想性修正被批评为对悲剧深度的妥协，使角色成长与命运抗争的意义被消解于机械降神式的奇迹中。叙事节奏的失衡、多线整合的割裂感、前期单元剧的矫揉亦是不可忽视缺陷。最终，在“人生寓言”的宏大命题下，本作因过度依赖戏剧化冲突与超现实解决方式，反而陷入情感消费主义的窠臼。,7
最成功的gal改之一,9
写的好的he是比be冲击力更大的。强行包饺子是廉价的，但如果你能创作出在经历了一系列痛苦和艰难后，跨越无数悲伤，通过主角自身努力来到最后的幸福大结局，那便是久久无法难忘的感动。石头门的结局是这样，白箱和重启咲良田是这样，现在CL的结局亦是如此。是的，我来二次元就是看这种奇迹的,10
非常棒的gal改，少数看哭我的动漫,10
小镇在改变，人也在改变，所有的美好之物都不可能永远延续。即使如此你也会喜欢这里的一切吗？冈崎朋也给出了他的答案：去创造、去发掘新的美好。这句本是空谈，可当朋也真的经历了一次次别离、一次次的得而复失之后，他才终于悟已往之不谏，知来者之可追，也算是身体力行地践行了这句话。以前听闻“clannad是人生”权当玩笑，大概是看多了麻枝准近年来的翻车，于是对他的剧本不再抱有期待。实际看下来则尤为感慨：麻枝准确实是把自己的感情倾注到这部作品中来了，男主的三起三落仍能看出作者刻意为之，平行世界的设定在动画看来也缺少铺垫，但除此以外全是感情。从亲情到爱情再到友情，从学生到初入社会再到为人父母，麻枝准的笔是真的不吝于在天马行空的设定和gal模板中掺入详实的细节与真挚情感。如果要加一句话总结的话，我想cl带给我的恐怕不止这段冈崎夫妇的成长之旅，还给予了我前进的勇气。,9
感谢我能够在人生中最为青春的这一段时间能看到这样一部作品动画有些地方节奏有些小问题但是完全可以被他优秀的地方掩盖过去瑕不掩瑜一开始我觉得我是带着批判的眼光去看的看到基友线的叙事节奏出现问题但是就看到这一个问题已经后面对于结局的不解了解后才明白哦原来是这样啊因为老有人说cl催泪催泪的，而在我看来cl带给人们的更多是亲情上的感动像渚的父母无条件的支持着渚能够为自己的孩子抛弃梦想换做是我我可能不会有这样的胆气还有冈崎和父亲的和解成为父亲理解父亲最后是冈崎和汐一个小小的礼物就能让孩童永远记在心中这时候才明白cl是人生的意义哇当我看到渚的父母能为孩子抛弃自己的一切，说出来孩子的梦想就是我们的梦想当我看到渚明明知道自己身体不适但又要把孩子生下来时当我看到男主为了这个家一步又一步的向前迈进时当我看到男主在渚离去人生,10
人生会有无数的故事，好好生活下去吧。,10
第一次让我感受到普普通通地活着的幸福,10
Clannad是再一次改变我价值观，人生观的一部动漫，是唯一的，温馨到可以治愈一切的作品。我的泪点其实还挺高的，是不会轻易流眼泪的那种人，可是也没遭住最后几集的刀子。还记得只在高中看四月是你的谎言大哭过一次，以及看未闻花名大哭过一次。但其实这一次看Clannad，我是有心理防线的，因为我一直久仰游戏的大名，我知道前面可是地狱啊！但殊不知，我前面笑得有多欢乐，后面哭的就有多大声。这部动画粗看是家庭，细看却是人生啊。在花海，女儿说就要这个，因为是爸爸送的，我绷不住了，但是只是流泪，没大哭。之后大哭是因为女儿说能哭的地方只有厕所，和爸爸的怀里，我忍不住和女儿一起大哭了起来。,10
无法接受这样让汐强行死去的剧情安排，当年因为某些缘故没有看到ep22，以为汐的死就是大结局，现在即便补看了ep22，结局被改写了依然无法释怀，但是父亲那一段对我的影响很深刻,9
【补标】反反复复的刷过很多遍，每一次看都有新的感悟，随着年龄与阅历的增长，看不同的部分感受也不一样。麻枝准给的催泪核弹，配合京阿尼的顶级改编，在我心目中是毋庸置疑的神作。,10
游戏动漫都已经通了，神作无需多言好吧,10
毋庸置疑的神作,10
伟大无需多言,10
补标。flawlessmasterpiece。京阿尼的改编真的颇具巧思，不仅拯救了樋妈的神秘画风，而且通过快刀斩乱麻的魄力，砍掉了原作中许多与故事主题联系不够紧密的分岔，如胜平线和AS二周目的秋生线。虽然作为原作党对剧情已经十分熟悉，但是还是被巧妙的处理手法所惊叹。唯一的一点瑕疵可能就是有些细节经不起推敲，但也可以说原作中同样存在这些问题，而改编者已经在忠实于原作的前提下最大限度的优化了剧情。CL的改编是传统gal改动画的教科书，将原作提升了一个档次，几乎没有能达到这个高度的改编作品。只可惜京阿尼可能不会再与key合作了吧sigh,9
key的配乐和情感描写这块很突出，加之京阿尼优秀的改编，整体表现很亮眼，属于独一档的催泪神作。不过个人对角色的画风不习惯，加之前期剧情偏日常白开水，难以吸引我往后看，算是断断续续才看完的。,8
对于十几年前的我来说剂量还是太大了。,9
讲述人生的神作,10
真正打动人心的优秀作品,10
就是把全世界所有赞美的话语都集中起来，也不足以描述我对这部作品的心情,10
这部番从十六集往后，才真正展现出它高分的缘由。最后几集对家族关系、父子父女情的深刻探讨，是全剧最打动我的地方。它既呈现了人生的风风雨雨，也让我们看到人间美好，尤其是家人之间纯粹的情感，这正是“团子大家族”的内涵。早苗和秋生的善良，汐的可爱，都令人难忘。渚和汐的情节虽然虐心，却也真实展现了人生无常。好在最后一集有了温暖的反转，留下无尽温馨与感动。OP和ED的歌词与剧情完美契合，OP里的吟唱，就像在娓娓道来这个故事。所以，勇敢去追逐幸福吧，不管结局如何，沿途的风景一定美不胜收。这是一部值得反复品味的佳作，每次观看都能带来全新感悟，无疑是一部满含爱的作品。所以，勇敢去追逐幸福吧！不管结果如何，沿途的风景一定是美好的！我肯定会再看几遍这部番！,10
家人、亲情、人生，看完就是对这部作品的印象。不管看多少次都会感动的作品,9
经久不衰的旷世纯爱神作，ACGN史上的不朽丰碑。选择了正确的改编策略，并成功做好了混线改编这在业界极其罕见。有有趣的日常打底，并基于日常的感情积淀使之后的感动水到渠成。第一季我鸡蛋里挑骨头都挑不出个缺点来；第二季除了原作本来就没写的有纪宁线小拉、同栖篇节奏过慢外也无大问题。观感相当舒服。制作10音乐95剧情95人物95观感10加权总分96,10
仔细想想男主也挺fw的,8
在亲人去世之际看到了这部作品，某种意义上改变了我,9
怎么满分才十分？！,10
个人唯一一个给10分的,10
不多说，二刷时眼睛疼的半个月,10
十集以前包括第一季比较垃圾时间，创作者的自我感动和按头逼人哭的强行煽情的创作意味令我很是尴尬；对渚难产去世的演绎是伟大的动画片段，情节本身在动画中少见、情节中感情的份量与重量令人震颤，深入骨髓的真情真悲是如此让人难以承受以至于只能一时卸下眼泪来减轻这沉重带来的窒息；朋也重新振作的桥段里颓废的那一部分实在缺少描写，与父亲的和解也拍的马虎；结局不多做评价了，总之潦草的感觉突兀的感觉实在无法无视。,8
无论发生什么，请不要后悔与我相遇,10
如果观众正处在适合看泣系的青春年代的话，那这部动漫毫无疑问是一个震撼人心的大催泪弹,9
感觉有点吹过头了对我而言，其喜剧的日常能让人不觉得无聊才是最大的优点，和父亲的片段较有感触，写死妻女就有些乏味了,8
缺点打着现实主义的幌子讲了一个无比理想的故事，所有的悲剧只是因为命运或者说悲剧本身，每个人都像童话一样温暖，优点情绪流连贯，和解戏应该是二次元里面最感动的一幕，主角的成长塑造及其丰满完善，对这个温暖的小镇刻画到了极致，冲着什么悲剧虐心来看这个动画的话估计享受不到这种温暖的美好,9
最喜欢的一集,10
我最喜欢的动漫,10
2025补评。很多年前看过的了，哭成狗的一部番。我记得前半部分男主开校园“后宫”的时候有些无聊，差点没有看下去，但是渚去世之后的情节实在是太感人了，汐跟朋也最终解开心结的画面路边的狗看了也得泪崩吧。,9
这个爹就非得和解不可吗还是用比烂的方式,4
一座小镇，一个家族，一生太短，回忆太长，写作CL，译作经典，读作人生！,10
莫名其妙的高分作品,4
越到后面越觉得怎么会有朋也这么悲惨的人生，虽然渚生活在幸福的家庭，也嫁给了爱情，但直到最后一集之前，我都认为那个世界的渚和朋也并这个小镇都是不幸的。过于悲惨，过于催泪，甚至还有愤怒的心情。我认为18集的父亲的故事那里是一个精华，很有意义所在，非常触动人，这就是那最淳朴最伟大的亲情吧。这一集真的很厉害，触动了我的内心深处，甚至很长一段时间都无法自我唤醒的那里。看到那个雪天，本来要接受朋也这个不幸的命运的时候，最后的最后，奇迹出现了，也是朋也送别父亲那里进入他身体的光化作了他的愿望。最后的结局，另一个世界里的小镇是充满幸福的吧。不管怎样，总算是有个治愈的结尾了。还有就是，团子大家族响起的的时候，很应景，也很想哭ง,9
神作，无可置疑的剧情，无可置疑的人设，无可置疑的感动,10
大地的尽头，世界的终结之处，是一只小小的手,9
我不会说这是麻子巅峰，但这是事实，配乐，作画，分镜，主线都是满分，也许前期某些单元剧观感不佳但总的来看仍是无可置疑的神作,10
之前我是不相信看动画也能哭的，直到CLAS的ep18，看完眼泪止不住地往下流。比起各种生离死别，最打动我的是朋也和老爷子的剧情：在老家的花田中，朋也找到了小时候的回忆，那时的父亲是那么温柔，可能现在也是那样，一直微笑着看着自己。此时的朋也，既是儿子，也是父亲，他终于感觉到父亲直幸那份笨拙但又沉重的爱，那是一个单亲爸爸能给予他的一切。即使CLAS并不完美，它仍然为我们讲述了一个充满温情和爱的故事。,9
11年时第一次尝试看，很无聊没能坚持看下去。十多年过去了捡起来看完了，还是感觉很一般，结尾仓促得实在让我没绷住。无法对这种破碎的生活产生共鸣，可能是我过于平淡吧，更能从热血中获得感动。,7
即使小镇变化，我想，去抱住我的小汐我想，我的人生，能遇见cl，一定是极其幸运的吧,10
15时第一遍没看懂，25时好像明白了什么但不敢再看了。,8
一分扣给画风,10
非常优秀的美少女动画,8
客观来讲，clannad的剧情有很多的既视感，尤其是后面渚和汐的剧情可以说是sp的扩大版（毕竟都是key社的作品）。不过让我没想到的是即使猜到了大部分剧情走向，这部还能让我感动流泪那么多次。也许是因为很少看到走向社会之后男女主的故事，又或许是因为渚的角色塑造太深入人心（对陪伴系的女角色完全没有抵抗力啊！），总之整体来看确实是部难能可贵的好作品（虽然也是具有gal改不可避免的诸多毛病就是了）。没想到的是最喜欢的角色除了渚之外竟然是渚的父亲。虽然很难用只言片语描述出来但是他真的好有人格魅力啊。此外动漫里的角色除了应剧情需要的足球社其他放到显示都是超级好的人，群像塑造也没落下，clannad确实值得那么高的评价,10
生活还真是无趣。,7
有了第一季的铺垫，对各个人物有了较完善的认识，第二季在补充完剩下的角色故事后（同样感人），正式开始afterstoryd的故事。也是最催泪的一条线，从结婚，憧憬，到挫折，堕落，再到回归，再到最后的失去，最后洒满光玉，带来奇迹。最普通的人生，最极致的共情。花田重拾，任务完成。刀和奇迹，汇聚成情感的长桥。还有bgm《潮鸣》神中神,10
mawen1250；前八话还是校园内的故事，虽然制作水准持平上部，但是三十话左右的校园篇看到后期确实会有点疲劳；第九话逐渐从校园内过渡到校园外，由此跳出了校园恋爱番的窠臼，对求职工作、组建家庭、婚育、亲子关系的细腻刻画赋予本作更宽广、更深远的意义，上部若隐若现的小镇轮廓在本季完善了不少细节；小镇可看作社会的片段或缩影，而小镇的变化与家庭的甘苦又相互勾连；对“家庭”这一主题的探讨也不再局限于原生家庭的呵护或创伤，而是朋也和渚亲自扛起家庭的重担，感受幸福也历经苦难，既是为了所爱之人承担起养家糊口的责任，也是把古河夫妇的梦想传递下去；人物塑造更进一步，朋也从吊儿郎当的男孩成长为成熟稳重的男人，渚的外柔内刚在本季更加明显，原本纤细敏感的她已不再轻易流泪，内敛的情绪、克制的表达让观感有了质的突破；对我来说光玉的设定还是太过梦幻，即使铺垫已久到最后也没能完全接受,10
属于是为数不多差点哭出来的动漫,10
伟大无须多言，父亲篇和兄弟篇给我看哭了,10
94100无敌，有温度的动漫，对亲情的描写顶中顶,9
唉，男主真的太废物了。虽然也是可怜人小萝莉可爱，这么乖巧的小孩子真是可遇不可求啊（笑）京阿尼改的真的蛮好的，我很喜欢这种淡淡的忧伤的感觉。,8
我讨厌这个小镇，因为这里给了我许多不愉快的回忆。每天去学校，与朋友聊天，再回到那不想回的家。老是这样，究竟何时才能改变呢？改变的那天会到来么？,10
泪目了，感动，治愈，看完后特地去玩了游戏,9
我何时想起渚和朋也的故事能不泪目,10
神作无需多言,9
烂完了，先说观感，前三十六集校园剧情纯纯折磨，几乎没有任何讨论的欲望，毕业回归现实打工上班观感好了些，渚死的时候感情渲染得也很好，刚以为要开始封神，到后面剧情又开始烂了，铺垫了两季的父亲伏笔只是点到即止，就是安排男主奶奶念经抒发一下父子矛盾，最后8集剧情发展非常仓促为刀而刀，结局包饺子剧情转折生硬，很有烂尾的意味，那些女配角女后宫不知道存在有何意义，剧情里配角塑造简直发指，只有风子琴美是有完整的线，而智代杏只用一集平行世界线糊弄糊弄，椋就是凑热闹一集都没有，搞得整部剧就像个半成品，女配前期只负责发情，本来就没什么可以看的剧情，后期又挂机隐身，存在感几乎为零，不知道是作者全忘了还以为是剧情里全死了，代表就是风子汐活的时候出来贴贴卖波存在感，汐像条也勾死在路边的时候又不知道去哪了，总结就是有一些优点，但缺点更多得多，9分佳作10分神作，cl只够勉强8分,3
越老越不想看催泪番，还是补个标,10
身体状态不好不要硬生孩子,9
你是要杀了我吗朋友,9
个人认为，或许用只用“神作”一词来评价这部番有些不足吧。看之前还有些怀疑这句话，看完后认同了写作CLANNAD，读作人生。以后二周目时会有更多的感触吧。,9
毫无疑问，我心中最喜欢的动漫top1，不可撼动的地位，永远的神作，写作Clannad读作人生，不敢再点开这部动漫了,10
一部不错的作品确实恰到好处的bgm面面俱到的人物最让我飙泪的其实是摆脱自己颓废和父女和解还有理解父亲那边当然这也就对应着我对结局解读的不同给九分一分是扣在结局也许世界并不能用奇迹来概括一切有躺在雪地里的汐一般的执念有着光玉给人带来幸福跟温暖但这同样与现实狠狠的割裂开来也许这是重返一段历史也许到新的历史里获得了成长也许那些痛苦的回忆还留在脑海里但是不变之物不也是那样吗改变的在改变然而那不变的就是那悠久的日常光玉让在雪中在爸爸中怀抱的汐醒来两个人坚强的带着幸福跟已死之人的信念坚强的生活下去这也许才是我想看到的结局《Clannad》,9
多次泪目，确实很好看，也很治愈,10
真的是人生吗,8
在相对平静的日常之后，京都为我们最大化呈现了key社对人生的思考，不管是细节的选择以及作画水平都是登峰造极,10
前半宛如闹剧般的情节实在是连骂都懒得打字骂，顺带将我的观看热情彻底浇灭。后半观感和前面的校园篇亦相当割裂，校园篇用了足足三十多集写一年，但大多对最后主线的铺垫可以说是基本没什么用。而后半的集与集之间跨度可以小至一两个月，大的甚至到几年，不少重要的人生节点如：结婚、生育、工作这些的描述被大幅简化，但缺乏这些点点滴滴又怎能写出亲情的重量？父亲线对开篇就提及的家庭暴力只字不提，最后更是抛出奇幻设定莫名奇妙唐突HE了，的确有作品对生活有深入独到的见解，主题可以被冠以人生之名，但绝对不是本作。京阿尼不少地方的确做得优秀，但给予这部作品和其他大师级动画同等甚至更高的评价实在恕难认同。番外篇已经看都不想看了，太失望了。,6
初一啥也不懂的时候看的，对我的人生价值观起到了一定的塑造作用。时隔56年仍然不敢二刷。因为鼠鼠我啊一听到音乐或看到相关视频就条件反射流泪了。,10
前边十几集全程快进，最后十级看一集破防一集有女朋友了一定要和ta一起再看一遍音乐真神,9
芥末，掉眼泪,10
蛮令人感动的,10
毋庸置疑的优秀,10
看得我眼泪哗啦啦地流，音乐演出文本全部超神，就是没玩过游戏我真搞不明白为什么突然就进好结局了,9
深思熟虑之后，我写下了在bangumi的第一份评语，也是我认为最重要最值得去写的评语。对于一位00后来说，clannad是一部我心中唯一能达到10分的神作。我曾问过自己为什么那么喜欢cl这部作品，而我的回答是：最好的cl在最适合的时间遇上青春的自己。你还记得最开始看番的初心是什么吗？cl对于我来说，就是在弥补青春校园的快乐，就是在展望未来忙碌的工作，就是在享受家庭生活的温暖。当所有一切美好化为尘埃时，没人不会为之所动容。爱是高维度所产生的奇迹，爱能改变人的一生。当我看到朋也的父亲和朋也走在相同的道路上时，所有的感情到这一刻引来爆发。当冈崎汐倒在雪地时，我似乎能聆听到自己心碎的声音。cl就是陪伴我一生的神作，当团子大家族出现的那一刻，我一定一定会想起坡道前那个踌躇不定的古河渚河一直在鼓励她前进的冈崎朋也,10
写作CL，读作人生，但人生远不止CL，感谢遇见，感谢陪伴,9
都说是神作，但是看了感觉平平，上了年纪吗,8
我一定会补票游戏的,10
今后无论遇到什么事情请不要后悔与我相遇,10
心中最完美的诠释了亲情的作品,10
认识到何为担当，让我思考今后该如何前进。即使现实不尽人意，也要坚强地走下去,10
高中有次假期时花了好几天一口气把cl全看了，很难的有番是真的可以把我看哭的，尤其是父亲那段，感觉写的太好了，人物的情感让我可以真切的感受到,10
催泪的巅峰，幸福的诠释，家族的力量，生命的赞歌,10
好看爱看，看的时候哇哇哭,10
人生之悲惨如此，人生之美好如此。,10
不敢再看第二遍的作品,10
确实是真神，看到女儿和朋也的对话真的很难绷住，团子大家族也是听一遍泪目一遍,9
感觉做到走出阴霾和女儿和解那块就好了，女儿死的剧情完全就是为了虐而虐，为赋新词强说愁，最后又强行包饺子，最后三集完全就是累赘，也没必要强行引入超科学的因素，普普通通讲诉感人的故事就行了，总之在我这算佳作不算神作,8
后劲很大。小2萌新一开始觉得就是普通校园恋爱，结果AfterStory直接把人刀傻了。朋也从一个吊儿郎当的高中生到扛起家庭责任，这成长太像现实了。。渚生病那段我哭得比当事人还惨，团子大家族这歌听着明明很治愈，到后期直接变ptsd催泪弹。京阿尼把Key社的剧本优势发挥到极致，小镇四季变化美到窒息。唯一扣分点可能是前期日常略拖沓，但熬过去就是封神！看完之后看其他催泪番都感觉差点意思,10
太温柔了这部作品整体看下来只有给我治愈方面的神作感觉无论是小渚瞬间答应朋也的求婚还是后面朋也跟父亲的神回，看过多少次也让我难忘，感动或者流泪音乐方面也是神中神从配乐到op结尾都十分优秀我认为作为一部动漫已经优秀全面的不可挑剔了总之还是神中神先暂且说到这里吧,10
看这个不哭的我感觉你也是神人了,10
悲伤与感动双重意义上的相当催泪。少有地把校园恋爱讲述到婚后的故事，比较好地展现了爱与家庭竟为何物（尽管可能还是不免幼稚但确有触动），朋也的人生成长也给我启发。前期延续了本篇的欢乐，中间陡生变故泪崩数集，后续发展不敢置信到麻木，大团圆结局时不知为何心有戚戚眼泪止不住地往下流，我想这就是究极的感动吧,9
神中神伟大无需多言,10
希望麻子能跳出公式，整点新活。,9
18话演出效果非常棒结局光玉这条线埋的不是很好,6
看完倒数三话人直接麻了，压根挤不出眼泪只有无力感,8
bangumi分给高了。,8
前半部分是真拖后腿。结局不明不白的，也印证我跟gal改水火不容了,7
在动漫中寻找现实，却又在现实中从动漫寻求慰藉,10
重看果然还是感动得一塌糊涂。扎根于小镇风土的人们的物语、以及在名为光玉的眷恋包裹下的日常与奇迹。他们生于此地，也将还于这里。,10
前几集想塑造男二，但是其实男二的形象不需要这种塑造也已经很立体了，反而有点毁男主形象；猫线还可以但是略短；主线又是经典的麻子式映射虐女主，说实话看完air接着看cl有点审美疲劳了，整体只能说还行吧，担不起标题这个词的分量,7
所谓的催泪如果只是通过在悲剧发生的时候讲出一些看似较有哲理的让人落泪的话，从而忽略了剧情本身。那我觉得这不能算是个好作品,6
多久没哭过了,7
只有你是我的挚爱,9
瑕不掩瑜的好作品，打动人心,10
96，跟第一部比上升了几个档次,10
心中的神只能这么说。,10
gal改的天花板神作，动画所表达的希望在一个平凡小镇下幸福地生活下去，很符合日本人的当代价值观。后半部离开学校踏入社会一改前作的整体校园日常基调，在现实命运的世事无常的造化弄人下，整部番的气氛与情感随着剧情不断推向层层波澜的高潮。麻子将人物的情感刻画得尤为细腻，令人共情。说实话作为石头人，催泪向对我大多都是免疫的，但看到后面我虽然没掉珍珠，但确实难绷。配上整部番的日系作曲配乐将情感氛围烘托到极致。这是一部各方面拉满的一部作品，也代表了京阿尼的最高水准,10
第一次看哭的番剧,10
从情感冲击力的表现上我只服你和恶魔人cb，最后那几集谁能顶得住啊，这么多年过去了，这些新动漫能不能好好学学,10
看完自闭了一个晚上,10
伟大无需多言第一部让我落泪的番,10
感受不到时间的流逝，于是情感也很难积累了。,6
不错，但还是不如游戏,7
cl的缺点是慢，节奏慢，剧情推进也稍微有点慢，这是那个年代的动画的特点，我不认为是因为现在节奏快所以才会决定cl节奏慢cl正是需要第一季到第二季前半部分来铺垫，才能有18集以后的历史最强的感情渲染和对人生的诠释。18集以后给我带来的震撼是难以言喻的，甚至彼时的制作放到现在都不过时。两线的交错就好像《海边的卡夫卡》或者《世界尽头与冷酷仙境》，虽说浅显的多，但是并不失败。,9
10分。我对纯催泪向的作品其实并不感冒，从第一部开始追起到第二部已经看不下去了，重复性有些强了，所以前半段其实全被我跳过，直接跳到最终章（就是为了这碟醋），当然，最终章无疑值得这个分数。,10
不是，谁给刷到第二了,8
没什么好说的，对于亲情，爱情，友情，各方面写的都太好了,9
情绪在前期的日常中被调动，一步步深入，第一部慢节奏的日常情感铺垫到位，第二部中间，节奏加快，情绪一直波动，有不知道什么时候流出来的泪水，也有失声痛哭。但大多数不是因为什么生死离别，更多的还是他们之间亲情的羁绊。虽然离别不少，可能情感没上来，但回想起来，突然泪水就如决堤一般，一下涌来，给我的情感震撼是独一档的。个人见解,10
最喜欢的起承转合包饺子,10
半推半磨，小时候草草的看了几集没有继续看下去，长大后沉下心看完了，自己环境的问题让我在看朋也和父亲的桥段剧情也是有所触动，麻枝准的音乐确实顶，每次看完一集，再看下一集的时候op依旧感觉很清新，说不出什么靓丽的辞藻，总之cl是十分不错的佳作,8
如果当初我打开的不是EVA而是CLANNAD就好了,9
无论多少次，原初的感动依然还在,10
90成长也许是一个过程，但真正的成长定是你意识到自己已经长大的瞬间。对我影响最深的动漫，但是真的被过誉了,9
团子团子大家族,10
校园部分和丧妻部分割裂感很强，校园部分要做完各个黄油支线的碎片感超强，我当年初看甚至都不知道本番想讲啥。人物塑造即便设定俗套但催泪和青春纠结也还是蛮细腻。后半剧本也很感人，综合还是名作水准。,8
能排第二还真不是虚的,9
改变了我一生的动漫,10
神作，可惜这里地太小写不下（）,10
以那個年代來說，確實厲害，但現在看也較無新意，很多設定也用不太到結局絕對是個敗筆，以夢的形式去詮釋，等於男主角這個人實際上並沒有成長，實際上的這位男主如果現實中失去了渚函示會拋棄汐不顧，不是很喜歡強行ge的感覺剛剛看mad又看到泛淚了，我的理性果然還是敗給感性,9
要问为什么感动的话，大概是感受到了生活的一点一滴,10
时间过去太久了，因为当时也就是一般喜欢所以想不起来多少剧情，整体的印象是很悲伤,6
过去太久了，都是熬夜看完的，记不太起来了。或许现在已经没有再看的心情了,8
看过不下于3遍了！,10
大概7、8年前看过，只记得后劲大得一批，疯狂找相关音乐、小说、游戏补全整个故事。准备找时间再回味一遍了。心中永远的神作。评分：1010,10
90属于是key社和京阿尼的双向奔赴下创造的奇迹。有一说一，春原兄妹线说实话感觉挺烂的，真正来感觉还是要等校园篇结束之后。看完能不落泪也是神人了。,9
有太多能说的，以至于没什么好说的，个人心中的神作,10
完美补全升华整个故事，两季50多集的制作，让这个故事成为了动画历史上难得的佳作,10
毫无疑问的神作，对于家庭的描写深深刻入了正处于与家人不和的时期，虽然我的人生不是闹麻了的辍学电工，但我的人生一定少不了家人,9
泪点感觉并不是都刀也有感动的时候，cl不一定是刀番，给我更多的感觉是命运的不公和内心深处的情感,10
父亲线真的给我刀惨了太感动了,10
10何为人生？答案就在这里。重塑了我的恋爱观家庭观的当之无愧的作品,10
催泪番的巅峰,9
前半，困后半，还行风子，可爱,6
真好啊，就像是做了一个短暂而又漫长的美好的梦。,10
大地的尽头。,7
扩大化了，读作cl写作人生。到处都是引流的，加深了我对这部番的厌恶！缺乏对社会现实深度剖析挖掘，不能作为对人生题材的诠释。,1
它平静地打动人，像我们曾经发生，身处彼处，所以对故事感同身受。经历了很长时间，从读完游戏到看完两部动画，期间有过不同的人生经历，我越发感受到，认真观看需要一颗平静的心，庆幸现在的我是沉静的，空荡的情感适合对故事心神激荡。言语无法描述这样的作品，怎么写都词不达意。它简单、静谧，又哀伤、激烈，时时想到为何产生这样之大的情感共鸣，它那么普通，那么像一个普通人曾经历的。那个不学好的少年，那个不自然的少女，我们像目睹了什么，对他们的心事、故事，对相逢、相识、相伴，对成长、成家、成熟。似乎并不适合太夸张的吹捧，与这部作品的气质太不相符了。这是美好、普通、相信的故事，它讲述了一个朋友的成长。,10
比起第一部的日常，afterstory的故事相对饱满，观感更好。cl简直就是人生写照，小镇家族就是这个社会的小小写照，以人与人的故事推动剧情发展。朋也的一条父子线，一条父女线以及与其他角色的日常发展，cl并没有什么让人热泪盈眶的故事，仅仅就是因为他讲述的是日常是每个人身边的故事，所以才会促成他神作的地位吧。,10
gal改巅峰。,9
第一次看第一部还是初中，还记得在QQ腾讯动漫上看国漫无意间刷到的，当时理解的东西并不多，只觉得这个作品不错，时隔6年当初的记忆已经模糊，重温时真的很感动，尤其是这部，当初没有看过，还被剧透了一些，有着心理准备看的，结果还是忍不住，流了不少鼻涕泪，难过伤心感动的，我不知道如何描述这部作品，但这部作品让我意难平。写作CL读作人生,10
【补标】没看过cl的人生是不完美的滑稽,10
唯一看哭三次的动画。,10
这番，老甜了,9
第一季前前半部分给人一种闹麻了的感觉，但是后半部分确确实实神作。,8
风子很可爱呢,7
神作，童年回忆,10
经历一个月沉淀后，个人其实觉得这部作品有挺多的缺点，情感演出掩盖了很多地方的逻辑缺陷前面部分的瑕疵真的无法忽略，兄妹线逻辑非常崩坏，对于cl人生所涵的友情，爱情，亲情而言，友情无疑是表达环节最差的一个，像是为了释怀而释怀，宫泽线一般，美佐枝线还可以父亲线只能说过得去，光玉偏机械降神,7
争议很大的一部作品，但个人很喜欢,9
现在当了父母，再去看，估计是另外一番感觉吧。学生时候不好好读书，长大只能当电工，老婆女儿生活也得不到保障。,7
带我脱离了现实的黑暗这就足够我打满分了,10
前面幾集看得真難受，京阿尼式改編有時真的難以理解，後面幾集痛哭流涕，小汐太可愛，光玉的回收滿分，跟石原和解了,9
cl最让我感到膈应的就是男主，无论是当爸还是当学生，共情不了一点，莫名其妙，他爸和男二的刻画比他要好得多得多,7
うれしいこと悲しいことも全部まるめて,10
第二季阳平那几集确实有点离谱，但后面那几集确实是治愈系巅峰了，如果最后一集能延成两集把汐用光玉将机器人送回平行世界的东西讲清楚感觉会更好（不过其实从歌词里面也能感受到就是了但前面包括平行世界以及两次小镇愿望的实现稍微有些隔得远了有点难联系起来），但确实这样的结局才能让人感受到痛苦快乐同时存在的人生吧。,9
感觉无需多言了，这是我眼睛手术后第一个看的动画，给人一种很治愈的感觉，能让人产生最美好的情感，if线的智代虽说只有一集，但是十分优秀，一点也不拖沓，感觉跟看了一部电影一样,10
clannad一生推,10
年纪越大越不敢再看一遍,10
afterstory才是站在第一部肩膀上的超神之作，永远的感动，来自东亚人根源的细腻与温情。,10
无敌的，无需多言,10
20230924,10
倒数几集虐的我心里难受好在最后用设定圆回he了如果不知道是he我可能会看不下去吧,10
20241121被剧透很多以及不要哭挑战降低了我对这部片的评价。以现在的眼光来看，CLAS无疑是存在很大的结构性问题的，gal改通病的每条线切成单元回，导致和原定主线割裂。一些设定似乎在动画里没讲清楚，例如光玉，以及最后怎么复活。还有建议大家都去医院正常分娩。全篇做得比较高光的就是父女旅行这段，除此之外其他的只能说是普通，虽然亲情故事我确实比较吃，也流泪了好多次，但是不能依次为由认为他是一部神作动画。另外，社管和猫猫的故事我也喜欢,8
只要未来人没有被时代发展异化，这种能表达最朴素的追求幸福家庭的愿望就不会过时。,10
【87】堪当力大砖飞的标兵。想把狗血校园篇打包扔掉，小镇降下恩典都显得沁脾。让死水泛起涟漪的，让朽木守候潮汐的，用变化的日月洗去暴戾、孕育出新鲜的血肉；新苗当然不会有悔意，伴着它才终于蹒跚着辞别逡巡的光坂。隔岸观火，倒也幸福。,8
最喜欢的动画，虽然有一些不足，但永远是心目中最好的治愈番,10
算是入宅作？没有第一季的日常铺垫也不会有第二季的感动，不集光玉怎么出HE？只能说从不后悔这一相遇,10
直到现在，我仍然喜欢这部作品。,10
业界gal改的标杆。再来做一条完整的智代te就好了（主炮党已泪目V_V）,8
不知道说什么,10
承包我十年的眼泪,10
能哭的地方只有厕所和爸爸的怀里。,10
ep6111218192022op虽然凭借强烈的情感冲击能让观众暂时忽略剧情合理性，但该作实际叙事存在明显缺陷，前四集的情感铺垫和角色动机都相当令人不解，ep10之后的afterstory部分在故事性上同样有不少缺点，但作为动画载体，其优势不仅限于文本层面，该作通过高水平的配乐配音演出弥补了叙事缺陷，尤其在关键场景中，音画结合对情绪的放大作用显著超越了其本身的表现力,9
前四集真的是坨大的，而且讲了这么久也没把光玉讲清楚，最后还有机械降生般复活，我实在看不懂，但本片的优秀在于情绪价值很到位，不出其二的到位，其余的做的再烂又怎么样？只要能让观众哭出来，他们自己就会给他们自己的眼泪买单，打出高分。这种高强度的情绪价值，可以让我们可以去忽略不少缺点（虽然我哭不出来）还有就是和父亲的和解我理解不了,7
我永远忘不了看完大地的尽头以后哭的停不下来的我一边擦着眼泪一边走回学校的那个下午,10
第一部启示我何为人生的动漫吧神作无需多言治愈催泪向的top1写作Clannad，读作人生,10
被光玉环绕着的小镇，被奇迹拯救的冈崎一家,10
88第二季前面很一般,8
还是亲情最能触动人心,10
一个平凡小镇上的故事，一个家庭的补完,10
有幸遇到你，真正改变了我的人生,10
虽然剧情有点尬但我却一直在哭，这就够了。,9
写作clannad读作人生,10
“能哭的地方只有两个，一个是厕所里，另一个是爸爸怀里”“nagisanagisanagisa汐：爸爸朋也：为什么连你也哭了啊。抱歉，因为回忆起了妈妈的事情好了，那就继续说下去，妈妈她那时想要演舞台剧渚，我找到了，终于找到了，唯有我才能守护的东西，唯有我才能守护的，独一无二的东西，那东西，就在这里啊”“已经可以了，你做得很好了，现在轮到你哭了，就算你撑不下去了，还有我撑着你，直到你哭够为止，我都一直陪着你，所以，已经可以了”“已经可以了吗，我完成使命了吗””非常爱哭的人，但是，很努力地把汐生下来的人，还有，她是爸爸非常喜欢的人“团子大家族！（风子真的是回血包hhh）,10
（三周目）我很讨厌用人生来形容本作，它并没有这般厚度来支撑如此复杂的描述，但其的确影响了我深久，回过头看，于我的意味又岂是几百字便能阐述的2242422812241211,10
无需多言，超神作,10
第二部戳中我泪点的动画，伟大无须多言。写作cl读作人生，在我看来就是治愈这个tag为巅峰，虽然过程有点刀，但是看完之后给予我的是满满的温暖与对“爱“这个词的理解，cl从贴近生活的角度写出了十分深刻的故事，让我感觉得到staff对于动画和生活满满的爱。,10
神作，剧情其实不是那种非常经常的，但是平淡的日常才更贴近生活啊。小渚生病那段没能让我难受，但是朋也和父亲那段让我恍如隔世的隔世的感觉。痛苦不能让人哭泣，爱可以,9
触及心灵深处就是好故事，一次看动漫刀子进喉咙的体验，再也无法点开第二次,9
gal入坑作，现在看来有点刻意，但是依旧伟大,10
为我带来感动的作品。在接触cl前，我以为自己是不能与催泪番对上电波的，但是clas改变了我的想法。,10
别人吹的太猛导致期待过高，观感下降，本身还是很好的,8
很多地方都很打动人,8
虽然我今天总是黑cl，但不可否认as动画是最优秀的gal改动画，我爱京都动画与麻枝准,10
演出很好，但是剧情某种程度上让我厌恶,6
有人说cl只适合入世不深的，对社会抱有幻想的青年人看的，实际上无论哪个年龄段看完cl后都有独特的感受。永远的神作，无论何时，请对生活的美好抱有希望！,10
从许多方面来说都很优质，完整讲述了一个关于“人生”的爱与离别、曲折、希望与奇迹的故事。画面给人印象深刻。总而言之是一部少有的看了能让人变“成熟”的作品。,8
心目中的催泪弹天花板，看这番流泪的感觉都跟看其他番不同，这份感动能触及灵魂,9
人生作真是个恰当的形容啊。因为题材的缘故（二次元中少见的现实系题材，这类题材作品较少也是本作突出的原因吧，还带点奇幻元素），很明显，本作在学生时代，步入社会时代，为人父母时代观看都会获得不同角度的不同程度的触动，在某些时候确实可以当作人生的“参考书”“提词器”“警示牌”，虽尚存些改编带来的不圆满之处（gal改特有的串戏和情节切分），但同时具有着纯粹的美好，透彻的感动。（两个touchpoints分别是富有表现地刻画了刚步入社会时的危机感和责任感，还有就是小汐的乖巧可爱听话懂事太犯规了）,10
催泪还得看key社，剧情音乐画面都可以（音乐加成大,8
如果没有光玉，朋也的一生，何尝不是一种《活着》，但幸亏有光玉，奇迹带给了这个小镇，这些人们，无限的美好。,9
难怪开头都说clannad是感动不是刀，我看的时候寻思渚都没了，汐也没了，说不定下一个就是男主了，编剧一刀一刀的砍我，越看越像是压抑下脆弱的温馨，结果最后一集导演做人反转了，举起大刀的手轻轻的放下了，很触动心灵，以及happyending，好！！！,10
对那个年龄段的我来说，这部动漫极大改变了我对爱情和家庭的看法凭此就可以称之为神作。,10
as里大量篇幅描写男主工作相关的内容，只能说看着除了压抑就是压抑，我都看二次元了还要让我欣赏遍人间疾苦是吧。key式工业催泪剂就懒得点评了，画面比前作好很多，但也仅此而已了，观前期待太高了,3
好看，爱看，几条线展开后出人意料的催泪，父亲线、女儿线超级感人,10
伟大，无需多言，如果这辈子只能推荐一部动漫的话，我会推荐CL,10
班固米笑传之冲冲榜,6
因为经历和男主有些重叠，所以对这部番的认同感很高，不过毫无疑问从哪个角度来看这都是一部神作,10
或许注定麻枝准与我八字不合吧，我很不明白行文里面人物的行动逻辑，关于小混混那段我不明白为什么要对打成那样。至于几乎是人人称赞的后半段，我也不认为它有多优秀。渚执意要在家里生小孩，理由是医院里面没法第一个抱孩子，而且就这样的身体状况，生育时旁边没有医生，还要说一会就到，看着我觉得真的是自己作死。关于汐的死亡我倒是没有什么意见，不过非要扯上幻想世界，意淫自己的意识一直陪伴着渚和汐，然后整一个幻想中的he结局，我是觉得大可不必，这样的煽情实在是过于刻意不自然，好似：我已经这么惨了，你们都给我哭啊！我只能说对故事里面的角色的遭遇感到悲伤，但实在无法共情，忍受这种拖沓的节奏和韩剧一般硬造的悲剧，另外我也不觉得作者刻画的男主足够真实，台词中充满着矫揉造作，最后汐的死亡也一定要是在旅行的，对医生的排斥让我有种反智主义之嫌,3
想起自己初中的暑假熬夜看完，一个人窝在房间哭得非常厉害，妈妈还问我是不是有什么心事，哈哈哈哈，非常感人，第一季只有后半段哭了，第二季基本从头哭到尾呢,10
少的一颗是因为我破防了,9
人间余烬里，珠泪始分明。,9
这确实一部非常好的动漫，但看这个十分率就知道了不是刷的就是一群萌二，攻壳都没这个待遇，剧情方面的缺点能有一大堆，这部作品满打满算算他9分已经虚高了,8
在高铁上看的，一个大男人差点哭出来,10
列车上朋也跟汐讲起妈妈时，眼泪再也止不住了,10
一部完美的动漫，感谢staff们的精心制作,10
请不要后悔与我的相遇,10
动人的催泪作品，在初中的时候就看过了一次，但是当时没有挺大的触动评，只是主角挺惨的。而在大学又一次重温之后，才懂得了里面的动人之处，写作clannad，读作人生，主角也像小时候一样，单亲父亲一个人抚养孩子长大。文笔不够，总之就是很感人啦,10
早年间哭的稀里哗啦现在套路见多了如果重看可能没有现在这么高的评价不过我就是喜欢简单粗暴的强烈情感输出,9
86100现在，我沦为当事者,8
少数几本看哭了的,10
心目中前三的作品，让很难流泪的我哭了整整一个上午，第一季的铺垫让第二季的情感完全的宣泄，完全真挚纯洁的亲情爱情友情，使人永远不会忘记了,10
前面好几集差点意思，不过后面的剧情实在是太好了，整体表现得十分克制，仅仅是角色自己描述发生过的事，眼睛就已经进核弹了，一切是那么自然，那么暗潮涌动。,9
家庭永远是人心中最柔软的地方,10
游戏动漫都刷了几遍了，唯一一部看哭的番且每次刷都会哭，带给我最大的感动，来补个好评,10
clannad是我看过描写亲情的最优秀的作品,9
难以与老麻子和解,7
看前：我倒要看看有多催泪看后：哭成胖头鱼,10
好的动画，真的能改变人。,10
看过之后才知道的确是一部对得起这个评分动画，虽然看的过程有点难受，只不过永远不会后悔看这部动画,10
哭麻了對大多數人來說親情是最大的軟肋和淚點這就是人生啊,10
理想又美好的世界。是二次元与现实的完美融合。生活是美好的，即便充满悲伤与泪水，也别忘了那些陪伴你成长的人。所爱之人之所在，就是家。爱总是相互的，千里共婵娟。,10
唯一让我不舒服的是关于杏姐妹和智代的剧情设计，以及男主的肩膀真的废了一辈子,9
在男主毕业之前的有些篇章看不懂是想说什么，全靠后面提起了观感。,7
这部的优秀主要归功于麻枝准在渚线的深厚笔力。我觉得，一个好的故事是一定要写出角色的成长的，而渚线中的朋也就历经了从学生到员工、从孩子到父亲、从新人到鳏夫的故事，心境随之转变，此类变化都是看在眼里的。我认为cl好看体现在，朋也在渚的去世之后因为汐，从颓废迈入新的生活，也因为汐的乖巧懂事，在她一次次询问关于妈妈的事情中，又不由得瞩汐思人，强烈的感情被阴阳两隔，落泪之处往往就藏在那些本以为习惯却因为人已不再的怅然之中，我总是不知不觉就在何处落泪，恨命运不公、恨所爱之人接连离朋也而去，恨父女新建立起亲情的羁绊却又如同之前被残忍分离。虽然第二次所爱之人的离去前文也有暗示，还是能品出剧情刻意的导向。靠设定里的光玉，朋也终于能体会到家庭美满的幸福，虽然这设定我一直没看明白，但是动画是给人带来希望的。这就是为什么我虽然爱好悲剧，但我希望都能有一个happyend,9
读作人生，写作爱与责任,10
对我影响很深的一部作品,10
每次听到clannd的BGM就会不自觉的流泪，,10
此中有真意，欲辨已忘言。,10
无论剧情对于现实来说是否真实，但他带给我们的感动是实实在在存在的。,10
答应我别死好吗,10
gal改巅峰，心中无可否认的no1,10
时隔多年，不可不否认，音乐加分太多。85分，情怀给9,9
感谢你为我带来了一次别样的人生,10
真的是神作，看番以来哭的最狠的一次,9
GAL改的巅峰，十年前第一次看，之后又通关了游戏，后来又不断重温，不同年龄阶段有不同的感悟，总而言之是一部值得和家人一起看的作品，一部改变了我人生的作品。,10
让人感悟家庭的温暖,9
Nagisa！！“请永远不要后悔与我相遇”,10
Notmytype,5
记得后面挺意识流，总之音乐好听,8
看完久久不能平复，时常会想起动画中美丽的瞬间和熟悉的旋律，我想这或许就是动画作品能带给人最珍贵的东西回响，可能在过去、或许在此刻、终将在未来认真生活感到幸福的我们产生的光玉为冈崎一家带来团聚；而这座小镇发生的种种也提醒这我们捡起身边的幸福，认真的生活下去,10
看了一整晚没睡，感觉亲情爱情总有一个能打动你,10
20240915剧情独立出来看，真的好感人啊呜呜哭,6
感情和氛围渲染的很好，略微慢热了，九分加cv演出一分，鉴定为超神作,10
对于被高估的作品，我都会出手制衡,1
血肉渐渐丰满，我渐渐能从番中找到共鸣。Clannad能渐渐编织出内涵我由衷的舒心，这才有神作的感觉。细腻的情感，足够发人深省甚至铭记的内涵，出类拔萃足成典范的特色（我认为能将人的一生用剧呈现而又不浮于流水是她的传奇之处）可惜人物关系递进，日本传统的混混及很多人的人物设定仍显庸俗，催泪弹（可能个人原因不刀）也算不足之处血脉，家庭，命运联系着一生。真是奇怪荒谬的感觉，这更是一种血脉的延续，是守护的接力啊。幸直守护朋也，朋也守护汐。可能未来我也需要去追寻需要一生去守护的东西啊命运真是待人不公啊神作clannad，因感动而泪目，从未看过如此温暖的动漫长长的坡道下，一跟就是一辈子已经可以了吗？我已经完成了自己的使命了吗？孩子的梦想就是父母的梦想啊！我们的梦想就是你的梦想可以实现啊！所以哪怕辞,9
前八集较为迷惑但是后期真是一个追求幸福的故事泣,8
她说她爱着这座小镇，但她没有真正的走过一遍这座小镇，不是吗？,6
少一颗星给游戏,9
（说不出话）,10
在那小镇上，充满回忆光点的花海，你我走在其中。写在前面，我讨厌这种魔幻现实的东西，每次都要靠机械降神才能扭转局面挺无感，设定老套而且很多不合理，番外的杏篇简直就是垃圾梳理全片也不过是对未来：幸福的探索对过去：不逃避实诚的面对以及对成长阐释和记录（回忆）不太喜欢的作品,6
画面有点包浆，剧情不错。日式青春后的日式人生（对我来说，它的描写有种隔离的艺术，那种久远的像是秋天清悲的回忆，我觉得这是非常棒的acg的“人生”了。下次遇到这种感觉还是在玩秋之回忆4的时候,8
能让我铭记一生的动画，这就是我自己的光玉,10
绝对的神中之神，曾经我因为很多人评价说太过催泪而以为是那种为了刀而刀，为了虐而虐的番，还有那在现在看来比较难接受的画风而选择不看，再到后来偶然间静下心来看了几集，最后获得了洗礼，而afterstory比起校园篇，虽然更刀，但这才是这部番得以区别于其他校园青春恋爱喜剧的最大特点，他详实的描写了爱情生根后该如何面对生活的问题，也让我学会了我该如何处理和父母之间的一些联系，可以说这部番是我在人生岔路口的一盏明灯，指引了我日后的一些方向，他几乎改变了我，在我心中没有任何一部番能在这方面与其相提并论,10
已经，可以了吗？我已经，完成了自己的使命吗？,9
cl2必须神作，最后几集收伏笔超神了,10
我喜欢的动漫基本上都是好动漫。,10
为哭而哭这种点不是很喜欢,8
神作，无需多说,10
可能是一部在人生不同时期重温都会有不同味道的好作品,10
很温馨很温柔,8
人生某种意义上也改变了我对动画的观念,10
阳平和大姐大的篇章过于拉跨了，不过毕业离校后对于生活感的塑造实在顶级，情绪宣泄张弛有度有一种克制的美，如果是十年前的我在不提前了解剧情的情况下补番估计会真的半夜爬起来在厕所里哭吧,9
第二次看还是有不一样的感觉,9
代表了二次元“温暖”内涵的经典神作。冈崎朋也从浪子到父亲，从讨厌小镇到亲手助人建设小镇，小镇也回报给他小小的手心这一幸福。Clann即家族，A即As，D即小镇（团子），小镇即一大家族，被爱包裹的世界。,10
伟大无需多言。,10
最好的时代，最好的京阿尼,10
小时候真看哭了,9
永远忘不了刚看完这部番的那个夏天，治愈了我内心的迷茫和孤独，让我大踏步迈向那个未知的未来。,10
写作CLANNAD，读作人生。,10
一个没有格局的家庭剧。让女主高中辍学辍学生孩子，怀孕了说想让男主第一个摸孩子不去医院，最后在家自己生然后一尸两命，接着男主接受不了丧妻之痛他扔下孩子给岳父母养跑了。高中看就觉得十分幽默，只能说日本乡下小登闹麻了，疑似被霉菌飞机吵晕了。,5
20多岁的屌丝能哭我是没想到的,10
cl是人生QaQ,10
果然，人力无法解决的事都要寄托一个东西，信念什么的即便无法改变客观世界，也可以改变主观世界中的判断客观的条件啊。即便现实生活中没有光玉，那起码我的世界中一切都还是存在的那也就足够了。迷迷糊糊的感觉到你的存在，那正是我的期待。看完22集后，一想到这些美好经过了那么多苦难，并且终将消失，我就会觉得所谓完全幸福只是幌子，美好才是真实的，小镇内的一切终将会消逝。一个又一个的美好存在，实现美好的念想，到最后都不过是循环，一直循环幸福的开始和结束罢了。终将要面对结束，那这些又有什么实际意义呢，只不过是满足情感需要罢了。你只需要改变一个人的意识，就把他的世界给改变了，只要你让他相信美好的存在，那即便这是虚拟的，那又有什么实际影响呢。能感受到的，也只是徒增结束的悲伤罢了。但仔细而言，对美好的期盼和最终的实现，的确感人。他们还在生活着，这就足够了。,10
好多年前看的惹，每次看到都会想哭，上次听到隔壁放团子大家族，人还没反应过来就开始掉眼泪惹（泪点低的嫌弃自己,9
有种动漫里的《红楼梦》的感觉，第一次接触这种开头很无聊，日常琐事的番，但看到某个转折阶段后，就开始了不是很强烈但就是会被吸引的感觉，跟我最近看红楼梦的体验变化趋势差不多。总算是知道虐的地方在哪里了，但好在还有点科幻元素，能Happyend结局，幸福的瞬间，心里确实疏通了许多。,9
入宅番，真正意义上拯救我人生的动漫,10
远不如游戏沉浸感,10
写作clannad，读作人生,9
对我来说可能是9和8之间的档位，但还是选择了8，尽管有人说CL的故事闹麻了，随便去县城找个职高看毕业名册都能找到一堆。但这种片子不正是需要一些充满了遗憾的现实感作为作料，奇迹才显得令人感动吗。另，本条评论仅针对Clannad，并不对非职业雀士麻枝准先生的其他作品有效。,8
瑕不掩瑜的催泪神作，gal改动画的巅峰,10
胸口被一片空虚压迫，让人喘不上气，那感觉刻骨铭心，后劲之大，难以忘怀，一次独有的体验。,10
故事叙述没啥问题就是感觉有点无聊,7
神回频出！京阿尼对于clannad的态度决定了本作极高的评价出色的叙事节奏以及即使年代久远也看着顺眼的画风是我给高分的理由，当初让我玉玉了很久,10
cl或许不是你的人生，但它可以是某个人的,10
绝对的神作，改变了我人生观价值观爱情观世界观的作品，校园篇做的一般，甚至有点烂，尤其是春原和有纪宁线，可以看的让人弃坑。但AS篇的精彩掩盖了这些缺点。剧情，人设，演出，音乐，分镜都是顶级的，ep18至今仍是我心中第一单集，即使已经是十几刷仍会潸然泪下。被誉为人生之番名副其实。评分9938,10
概念神麻子的巅峰之作Key四部曲之春名为人生的催泪弹,10
看番5年，唯一让我落泪的动漫雪中智代雨中杏，樱花树下古河渚。图书馆中小琴美，资料室里有纪宁。春原兄妹路边走，古河夫妇店里忙。海星风子随风去，花田丛中冈崎汐。一座小镇，一个家族，一生太短，回忆太长。写作cl译作经典，读作人生。致所有热爱clannad的人,10
和父亲的和解那段无敌了，在我心里是并列历史第一的演出。,10
虽然也有诸多不满不过确实得承认放到现在也是值得一看的佳作,10
天使带来的动画,10
第一部让我爆哭的动画,10
麻子泣系作品中集大成之作,9
虽然大部分改编不尽人意，但是18话旅游回程讲述过去时的改编有超过原作。动画把很多东西讲太明了，就如原作中的一句台词，一些事挑明了就没意思了,10
少见的能将亲情讲述地如此深刻细腻的动画，家庭的重量令人回味深长。前八集观感有些糟糕，男主父亲的塑造某些方面有点用力过猛，算是小小的缺憾吧。最后是he真是太好了,9
gal改top1，深刻探讨了亲情与人生,9
10分是可以的,10
讲到后面父母与子女的剧情还是忍不住哭了，就是最后讲两个世界合并那段感觉讲太快了没搞清楚，转个场就复活了,8
补票，毕竟也是做了mad的作品。,10
ep3难以理解的冲突设计，卖萌搞笑和试图严肃的剧情之间的矛盾割裂，后者建立在前者之上时严肃性土崩瓦解；用谎言去验证谎言，都好能作；黄毛被妹妹搞得精神不振又被自顾自地为了你好式地拉回足球部，ep3男主还可说是不善沟通4纯恶心人了；疑似调动情绪只能靠汗水与伤痕，具象物理的劳动被等价于情感付出，即使付出的对象不在场也足以自我感动，之前刻星星修杂草还算有点逻辑和感染力，这捡球实在不明所以；有纪定位魔幻故事也实在没逻辑；11无聊矛盾；12描述抽象；13又热血运动；古典夫妻关系；对场所的执念；带病生子幽默；走出学校建立家庭是一大突破，但社会中主角面临的仍是命运式命题式困境而非更具体的现实生活；是否要为人生选择的随意付出代价？连为什么要孩子都没想清就敢搭上妻子的性命；萌是唯一亮点；23不错；还是期望太高，这些冲突和道理已然耳熟能详，也就难被刻意营造的惨状调动情绪,6
這是我人生路上的導師，近些年能與之媲美的，我個人認爲只有水果籃子,10
结束了，无论曾经对春园线的解决方式多么不满，无论对有纪宁线的结局多么怀疑，无论对渚的固执多么惋惜，还是对光玉设定的些许排斥，都在18集朋也与父亲的和解和与汐的相拥而泣中化为纯粹的感动。人生实苦，人也无法永远笑对人生，但能寻到一个守住一个供自己哭诉陪自己历难的家人，人生便仍有在阳光中盛放的希望。Clannad或许并非所谓的宗师之作，但知道世界上有这样一群在对的时间对的地方相遇的人真不失为一种幸福,9
迄今为止乃至很长时间以后还会是京阿尼key社第一作，完美的故事，完美的演出，BGM恰到好处，我想说clannad世界评分第一当之无愧！,10
好久没哭过了，从14集开始一直哭到最后，最后看到一家人一起的时候，发现屏幕后的自己也在咧着嘴在傻乐,10
看cl被剧透了是我人生三大遗憾事情之一,10
clannad的afterstory是整个故事的核心，猛猛被朋也、渚、汐、秋生、早苗等人的坚强与互相扶持感动到了。,10
复习一遍，高中看的得有10年咯,9
85经过前几集路线的最终回收，终于进入正题：步入社会，说实话有关社会的描写在我见过gal类作品里这是第一次完结撒花总结CL两季动画，几个单元篇章（除了第二季前期的两个）单拿来看都不错（有些可以说非常不错），但以动画的形式连在一起到第二季结尾反而有些微妙了，但游戏听说需要全通才能抵达TE，这些剧情还是需要想办法塞进来，只能说尽力了？（这也是对第二季结局感到微妙的原因之一，男主一家受苦太多，而其中原由因剧中并未解释清楚，在妻女死后很快进入HE性质的TE，这个饺子不是好不好吃的问题，是出现的不明所以的问题w）饶是如此，CL在关键时刻调动情绪的能力依旧无比强大，麻枝准确实有一手。总结下来，CL动画在我看来完整性有所欠缺，但单元篇章讲故事的综合能力很强，其中的感情谈得上“深度”一词,8
ep18、19两集是绝对的超神发挥集数，把亲情和温暖完美呈现出来了，ep21和ep16这两集的发挥没到神级水平，多少还是仓促了些。如果这一季从朋也毕业开始讲到结局我可能会给更高些，但如果算上前面两个支线就给不到了，14集真是闹麻了拉了很多观感。很可惜的一点是看完结局我还是没看明白这个世界观下有关幻想类体系的框架，光玉我也没看懂到底是怎么回事，可惜了，如果能把这个设定逻辑讲出来就好了。对比下高潮回和整体水平的话，星际牛仔我都打了9分了，那你还是去8分呆着吧。,8
很多人会喜欢第二季吧，我能理解，但第一季的麻枝准日式笑话发挥的更多，第二季严肃起来了，剧情上没有第一季那么轻松。不过看到冈崎朋也他们没有忙于学业最后也能高中毕业就找到工作兢兢业业，让我感受到了爱岗敬业，职业没有贵贱。对升学到大学没有那么恐惧了也是一个人生开导。当然我也明白无贵贱是不可能的。只是一定程度上消除了恐惧。,9
10动画生涯的第三滴泪。麻枝准主笔的剧情融合上京都动画的精良制作所呈现出来的这部作品确实无愧于最强gal改的称号！前8集的单元剧梦回看第一季时的枯燥感，之后的几个单元剧比前8集的质量高，特别是朋也从学生步入到进入社会这个阶段的描写。“能哭的地方只有厕所和爸爸的怀里”这段深入我心。结局的处理说不上多神，但我确实非常喜欢，“无论发生什么，请不要后悔与我相遇！”,10
我并不是完全的喜欢所有，而且有很多cl，不足的地方，不允许提出来，真恶心个人排行：角色线渚美佐枝，风子姐姐和姐夫春园，琴美，风子有纪宁，智代杏,10
在最感性的年龄遇到cl真的是种享受静下心来，感受动漫，或许只有真正体验过生离死别，真正感受过生活，才能产生最深层次的共鸣吧。虽说因人而异，但看cl不看第一季有点草率了。共鸣是需要过程的，煽情是需要铺垫的。如果只看某个选手的成就，那么他算是一个传奇；但如果看到他为了赛场和冠军的决心而辗转各队，他的成就会更加耀眼，征战赛场的时光会更加打动人心。另外，看番还是要回归初心，如果带上有色眼镜和特殊目的性，那无异于是在浪费作品。2024919补曾经的欢笑变成了不堪回首的过往最终无数的细节铺垫化作利刃刺入观众心中从欢快到深沉，再变得灵动的音乐成为了观众情绪迸发的助燃剂“无论今后遇到什么事，都请不要后悔与我相遇”理想乌托邦的时光轮回是对观众最大的慰藉作品以最天真，最活泼的风子结尾也是这美好世界的隐喻庆幸人生中遇到了cl,10
最喜欢的番剧没有之一,10
看完了，抱起小汐就是一个百米冲刺,8
当初看这个的时候，还是在初中，这哪里是我能顶得住的,10
虽然是偏日常的番，但感情却最为细腻，亲情爱情友情的融会贯通，人的成长就是这三样的变化，正是这无比捉人的感情描绘出了主角作为普通人的一生，所谓写作CL，读作人生，便是这样来的吧,8
哭得稀里哗啦的,10
有幸在10年前看了这部番，对我的影响很大,10
猛猛催泪。虽然阿渚这档子事家里人好的过头了人好过头有什么问题嘛。,7
看过这么多的动画，让我流泪的寥寥无几，让我每次看都流泪的仅此一部,10
剧情上过于无聊，为了某些催泪效果使得故事与人物的塑造几近扭曲，某些剧情完全为了催泪服务导致了很多不协调感。总的来说催泪效果是有的，感情线塑造不佳但是感情的塑造是好的，虽然不失为一部不错的作品，但是被捧得过高也是实话。,7
无需多言的伟大，一部对感情刻画入木三分的好作品,10
如果能加长篇幅的话观感会好点,7
看完久久不能平静，对于人生的诠释做到了极致，早苗阿姨和大叔的温柔看一次哭一次,10
无论发生什么事，都请不要后悔与我的相遇,10
祸兮福所倚，福兮祸所伏。,9
催淚神作會想再看第二次,10
一座小镇，一个家族，人生太短，回忆太长。写作CLANNAD，译作经典，读作人生。20240817：四周目,10
最喜欢的动漫,10
想说的太多以至于无话可说,10
楽しい事は、これから始まりますよ,10
（AS），happyend的到来让我有些猝不及防，,8
这就是神作啊,10
CLANNAD,9
真神作，看就完了反正我被爆小珍珠了,10
小镇，逝去的时光与人。除开水平不算高的前八集，clas可谓是在催泪上做到了极致。沉重的生活常常压得我喘不过气，而当悲剧连环发生，压抑感达到了极点。已渐渐陌生的父亲、已远离自己的故人，和已慢慢沉沦的自我，三线汇在一起，拧成复杂纠缠的情绪。而当这些情绪一个个解开，一个个光玉汇成小小的愿望，带着逝去的时光回转，所有的美好重新浮现，一切都得到了最好的结局。他人的人生映照出我的影子，令人生发出无限的联想，感动于故事本身与自己的过往，不禁会热泪盈眶,9
看到一个父亲不闻不问亲身女儿五年，多少有点出生,7
不知道为什么，总是联想到自己的人生，也有或多或少的共通之处不自觉地留下了眼泪，不自觉地哭出了声。谢谢你，CLANNAD，如果能在当初能够下定决心看，也许会对自己的人生有更多的理解吧,10
我很同情一些有困难经历的人，或许你没有感受过真正的情感，只剩下厌恶，但你大可不必以此来嘲讽我没有走出社会，没有真正的经历，难道那么多人里就你阅历丰富，其他人全部闹麻了吗？什么时候看个动漫都低人一等了，如果你有主角的人生的话就当我没说过，是我应激了，对不起,10
没有渚，看不下去了,9
目前看了前三个篇章，比起第一季来说多少有点让人失望。后面是大名鼎鼎的汐篇了！,9
眼泪是因为被治愈,10
20246141755非常好的作品，把这个小镇与人之间所发生的故事刻画的淋漓尽致，第一次观看，留恋,9
clannad真的是人生啊,10
让我泣不成声的一部作品，毫无争议的第一神作,10
前期日常有点难坚持,8
我爱的一部动画，一部漫画，一部游戏。动画clannad，漫画我推的孩子，游戏ATRI。,10
很幽默的结局对于“集齐光玉召唤神龙”铺垫的过于隐晦。对于里世界的描写也非常抽象，铺垫了两季的小剧场，最后沦为开启if线的过场动画，甚至没能补全世界观。不能理解“改变”对小镇是“破坏”。如果说要可持续发展而不是大肆破坏，那动画并没有很好的体现这一点。ep09ep20总体还是不错的，但现实风格的日常描写与ep21的巨大悲伤与过于童话的HE形成了巨大落差，带来了一种“浪费眼泪”的感觉。抱着神作以及“有刀”“催泪”的心态来看的这部番。过程中提心吊胆，结局也是重拿轻放。总体来说不太满意。ep04很莫名奇妙的剧情早苗和足球部,6
非常好的作品，使我的眼泪旋转,9
CL一生推！还好有坚持下来第二季第9集开始多了忧伤的氛围，也由此上头，前面的铺垫很长，但都是后面剧情重要的线索，说实话看第一季的时候甚至觉得无聊，直到看完一定会换来一句神中神，最后的结尾非常棒，圆满,10
哭得最惨的一次,10
赞的方面就不说了，说一下小小的遗憾吧，虽然剧情可能受到游戏的影响（我不太了解）不得不母女双双复活，但个人觉得，让汐复活可能更好,8
希望每个人都有自己平淡而不平凡的人生，CL一生推，CL一生同行,10
给十星谁有意见？,10
2013090920131004二週目2014082120140825三週目20200329202005052000sc,10
我最推荐的京都动画神作之一,9
写作cl，读作人生，越早看越值得珍惜的神作。,10
刚看了五集，好的10分,10
据说结局很神，或许会补完吧。,7
我什么时候能遇到我的渚！,10
我已经尽量让自己不去沉迷,10
我好希望CLANNAD出一个重置版，把剧情一些漏洞再改进和补充一下，这绝对是一部可以传承百年的经典之作。,10
只看了开头与结尾，觉得有些不忍看的感觉,9
目前还只是小泪目TT,6
神作但果然是应该等晚一点再看吧，家庭什么的，算是很沉重的话题呢,10
喜剧将无价值的撕破给人看；悲剧将有价值的打碎给人看，这句话是这样说么？,10
为什么排名这么低？,10
感觉自己的校园生活白过了,9
我真应该早点接触CLANNAD，比起其它看过的动画，果然这样温暖明亮治愈风格的恋爱作品才是我最喜欢的。,10
各种人生诠释不解释了,10
YeahTastesgood,9
真正的人生从这里开始,10
看多少次都是这么催泪啊混蛋,10
一直没有勇气去看续作，也是神作级别的说。其实好像看到了78话了，嘛，重新来过吧,10
看在游戏的面子上给9分,9
没看完吐槽无力,8
京阿尼好样滴我承认我又泪奔了。。。。。。,9
神作啊，神作啊，终会有一些难忘的回忆,9
key的作品都是神作,9
怎么说呢去感动的流泪吧,8
此番能排第三名是真的离谱。作品从来不是只要催泪就是好的。65,6
看一次哭一次，哭的地方只有厕所和爸爸的怀里，朋也也改变了，感动啊,9
少有的知道剧情，却仍然会被感动的动画，演出太好了,9
N年卡在16、17、18集。,8
我不敢看这些刀子，因为看的已经够多了，只论作品就这个分了，工业制刀。不想说的很难听，分真的高得不正常了，可能都是公子哥不食人间烟火，或者说你只看动画片，兄弟你如果需要文艺作品来补充这种感觉很真实的情感，我建议你还可以去看看电影。如果不同意可以过十年了再回来评分,7
不是很喜欢上半部分，先放一放再看,8
95（目前EP6）第一集的棒球分镜是迄今为止最令我印象深刻的分镜之一，在想象和日常叙事中被抓住了眼球；OP相性和主旨极为贴合，厚重、平和、却又“刀刀催人老”；其他随进度继续评价,10
最后几集一直还没看,8
搁置了，过于平凡的日常无法引起很大的共鸣。内在的我在期待什么呢。不过早晚应该补完。,7
因为入坑作angelbeats！而关注的作品，但一直听说特别催泪和致郁而没有看,10
大脑升级了找机会二周目享受一下一周目9分,9
gal玩家外加动漫观看者，虽然都没有看完不过写作clanned读作人生不是吗,9
新人只看过五级。。。,7
年纪大了，这种青春片看不懂了前几集我还当搞笑番看来着，突然开始煽情和讲道理了就尴尬了，思考方式很幼稚啊。喜欢这部作品没什么，因为它确实很“煽情”。“Shionari到现在还一直收藏在我的电脑里。但是请不要再把“CL”写作“人生”了，它配不上你的人生！,5
哭死，看不下去了,9
不止剧情还有细节,10
感动到心坎了舍不得看完啊,10
看了一半不想看了，毕竟知道结局了，又不想抛洒水分,8
当时哭累了想着过几年再哭,9
看了一半坑了。,9
我自己也奇怪为什么没看完,9
因为各种原因没看完,9
不敢看下去，怕哭,10
各种原因木看完,10
这个我竟然坑了！想看又不舍得看一直没看,8
下了，没动过,10
当年不知为啥看了10话左右就搁置了玩了游戏之后再看没那么有感觉了么,7
TWT因為知道會被催淚彈扎瞎眼所以暫時擱置。。。,9
比较怨念啊没智代的after动画,8
前面剧情有点拖,6
个人认为AS将CLANNAD推上了一个新台阶,7
比学园篇差太多恶意卖萌催泪看不下去,6
多次尝试，但是都看不下去，过于无聊,10
愚蠢的工业生产催泪弹，德不配位。,2
看到第五集_ゝ，实在看不下去了。为什么这样的作品会被称作神作啊？有几个点确实可以看看，但整一个看下来就很折磨，很无聊。剧情也很老套，尿点很多我坚持看了七个小时，本来是看到网评催泪的，结果感觉很一般吧，还是没坚持看下去。哦，这是我第二次看了，上次看十集就看不下去了。所以谁来告诉我这部番看点在哪里？评分这么高的理由到底是什么啊？？？ヽДﾉ,1
和第一季一样小学生作文都比这有意思,1
CL厨给别的作品甩1星很好玩吗，一个基本道德逻辑都有重大问题的作品配得上神作俩字？,1
我年纪还小还看不懂，长大了就能看懂了捏,1
键盘侠的“人生神作”,1
被安利来看，这画风完全无法接受，无论作为一个观看者还是画师的角度来说，同年代作品更好的画风有太多。剧情上当年的那种粗糙感和迷之走向（可能是gal改的原因吧），实在是无法接受，弃置。时代补正1分,5
其实并没有说的那么不堪小学时候就接触cl了但这几年经历了太多对这类作品逐渐失去兴趣的原因之一也许是自己三观的转变吧人生还有十年很多只能说上个十年的自己很感谢遇见cl,7
不行了，看完宫泽篇决定弃坑。太莫名其妙，人死了那么久，敌方居然一点不知道。听说出院，也不派人确认，直接就打过来。然后古河渚化身猪队友，面包放倒己方一大片。冈崎和佐佐木打了个两败俱伤，本来已经惺惺相惜，达成和解了，被放倒的那些人非得这时一起醒过来搞事，非得让宫泽妹妹挨一拳不可总之，明明达成和解的方式有那么多，非得阴差阳错发展到最惨的地步。感觉就是刻意卖惨卖矫情，丝毫感觉不到第一季的温暖,1
不是key厨，感动不起来。,3
小学生水平动漫，为什么除了头型都一张脸，傻闭吗,1
虽然有深度，都是画风不自然，难接受,1
没玩过游戏的真的会觉得这是神作？我很好奇感觉游戏改的痕迹过于明显，BGM略少，嘛，其他看完再评论吧,7
太虐。试着看了几次，看不下去,8
我的人生不完整,5
你妹的被人剧透加恶心得没法看了,6
对鄙人来说，果然只有冈崎和春原的对手戏才是亮点弱气女主什么的都是浮云啊,6
个人评分93,10
不懂政治，单从质量和剧情的吸引力上来看，它作为一部20年前的动画，能让我在20年后看的很舒服，毫无疑问是它优秀的。,9
和前一季同样的高水准，经典,9
个人评分92,10
1、浪漫与音乐，永不过时；2、被过去束缚住的灵魂们，就像永远活在梦中，没有归宿，也只得流浪；3、下限很高，上限也很高的一部作品，错过了，会非常遗憾；4、只是被过去追赶的人，活在过去的人，追赶过去的人以及没有过去的人所上演的一场闹剧而已；5、TheRealFolkBlues；,9
不明白这个动画的分数为什么那么高剧情拖沓人物僵硬看的打瞌睡老番可能情怀分高吧与现代动画差距太大了,4
上世纪顶级艺术片，但是原谅我没几集看懂的，或者说压根看不进去，只能说有点意思吧,7
终于补完星际牛仔了，属于是一部优缺点很明显的动画片，作画，音乐，分镜绝对是顶级那一类的，但是缺点也很明显，最明显的就是主角团全员谜语人都不喜欢说人话，人物和剧情全靠bug和巧合推动，公路片剧情也能接受，但是全员都是喜欢装b的人设真的看得我时不时会出戏，幸好这个番的画面能够撑住这些装逼的剧情和台词，说通俗点就是很有那种牛仔的浪漫氛围，这个剧情你要说多神倒也不至于，几乎每集都能猜到，当然也要结合90年代的背景，受到了很多港片的影响所以也不意外，总而言之还是好看的，只要不对剧情较真看着还是很爽的，看完真的会有一种只有90年代的日本才能做出这样的动画片的想法，感觉就是一个时代的产物，最喜欢的还是第24话，那种说分开就分开的感觉，真的既潇洒又浪漫，千言万语：Dontthink，Justfeel,7
浪漫的太空冒险故事,10
剧情已经忘得差不多了，但op简直是经典中的经典,7
他的一只眼看向过去，一只眼看着现在,10
1年3月的再启动是诗吗？不是的话，为何有诗的浪漫。是戏剧吗？不是的话，怎么会有戏剧的张力。你想要忘却吗？想的话，为何又一次次追寻。你想要面对吗？想的话，怎么一句话也说不出口。你说你孤独，又总拒绝他人的触碰。你说你早已愈合，为何夜晚总紧握溃烂的伤口。荒凉的太空，星际牛仔，发动机的轰鸣代替骏马的嘶吼。街道萧条，落日血红，孤月高悬于荒郊。尽力嬉笑怒骂吧，至少舒展舒展你紧皱的眉头。策马一生的牛仔们，你们是否一生都在寻找归宿？无论如何，祝你们做个好梦。,9
牛仔与那个时代再也不会回来，但我会永远记得于爵士的即兴中寻找失落之归宿的灵魂们，写下了这首星辰间的流浪诗。,10
最终得出的主题：在热闹中发酵的现代孤独，看的时候正逢疫情期间，每个人都只能隔着屏幕沟通，就算是打游戏，每次欢乐之后又是独自发酵孤独，抱着这样的心情，我看到了这部我只舍得每天看一集的剧，他们每个人都藏有一个秘密，他们可以一起吃没有肉丝的青椒肉丝，可以一起挤在破烂的剑鱼号里，甚至为了彼此搏命，但他们唯独不会和彼此分享这些秘密，也很有默契地不去向对方好奇，这不正像当下的互联网时代吗，许多人根本不在乎别人在说什么，只是想找个机会发表自己的情绪罢了，看似热闹的互联网平台有时候其实全是孤单的表达和孤单的宣泄隔着一张屏幕，大家戴上假面，一起狂欢，狂欢过去后，留下的只有空虚。平时还有见面的许多朋友也是，看似可以一起谈天说地，从季度新番到时事政治，但一涉及到私人性质的话题，就会被迅速岔开（后见日志）,10
让人做出一段消沉思考的元素的大杂烩。,9
我心目中当之无愧的神作脑袋里经常自动播放callmecallme最喜欢的集数是12、3话,10
比起日本动画更像新世纪废土抑或赛博朋克,9
顶级的配乐，至今依旧没有对手,9
上世纪的宝物,10
太久没上来更新了hh，无论我什么时候开始怀疑这部作品不是好作品的时候打开看几集就会打消这样的念头,10
我是想不到真的有动画这么多年再去看，依然觉得非常现代，时尚，好看。,10
配乐，画面，剧情，人物塑造都做到了完美,10
制作顶中顶，单元剧质量也不错，其中男主和大叔的剧情充满了浪漫主义色彩，力推。,8
如爵士乐一般，感性爆表,10
神作，无需多言,10
零散的单元剧更多是为了培育观众情绪而设计的漫长陪伴，关乎角色何去何从的主线故事才真正揭示了寓于各个角色的复杂矛盾：对过往的无法释怀和对归宿的痴痴追寻是Bebop号最本源的吸引力，被时间无情抛下的一行人纵使跨越行星也无法活在当下。片中的星系图景与后冷战时代方兴未艾的资本主义全球化如出一辙，流浪与冒险之中乐观主义和悲情底色交织融合，如今回望这文化多元的想象更觉出些呓语般的梦幻梦醒时分方觉荒唐凄凉。,7
浪漫的太空冒险故事，主角团每一个人都很有魅力；演出和分镜很惊艳，真是一群天才做的动画；音乐很喜欢，运用了大量的爵士乐；融入了大量香港黑帮元素，还挺亲切的；部分单元剧有点拉后腿，不太清楚是不是年代原因，不过大多还是越品越香；结尾情绪拉满，回味无穷，不愧是经典,8
神作无须多言,10
浩瀚宇宙中独特的浪漫，废土中的虚无与繁荣，在枪林弹雨中写下未来对过去的诀别书。一次次欢笑与抹泪中，我们倾听生命的脆弱和沉重，一次次相遇与离别，我们咀嚼自由与存在的意义。史派克的机械义眼中漂浮的是茱莉亚的幻影，杰特的机械手臂留下的是警探时无法改变的肌肉记忆。当艾德与爱因与飞船告别，当菲再次回到飞船，目送着史派克的身影离开留下眼泪，每个人都在自己过去与未来的夹缝中回味记忆的残渣，挣扎着又义无反顾地去寻找自己真正的归宿。这是一场灵魂的漂流，也是属于牛仔们的追求与浪漫。seeyoucowboycowgirl，somedaysomewhere,9
确实是神作，缓缓铺开的叙事，在一个个单元回中完善人物的塑造，一步步的交代完主角们的过去。完备且宏大的世界观。整体就是一瓶老酒，越品越香醇美味，令人回味无穷,10
忧郁的底色是蓝色。初见便觉得气质与macrossplus一脉相承，但在不羁与追逐自由的基础上，单元剧的结构使得嬉笑怒骂的搞怪故事与沉重的过往得以同时存在，构成了星际牛仔独一无二的风味不论是世界观或者是人物塑造上都是大杂烩，融合东西文化多种要素，但在宇宙背景下又显得如此融洽制作没得说，音乐更是超神最喜欢还是24集，夕阳下的callmecallme看似只是淡淡的忧伤，但回过神来已经深陷其中问题自然是存在的，不少单元回都通过大量都合推进，虽然单独来看不一定差但在整体故事中会经常显得比较没头没尾，只能靠世界观和氛围糊弄过去而主线本质上也是俗不可耐，但情绪确实到位了，看到最后还是回味悠久，无言以对只能说确实是一部好作品Noblackandwhiteintheblue,9
平行世界很好,8
心中排名第一的神作，从每集单独的故事到最后两集的主线推进，塑造了让人难以忘怀的主角团队。每个人都有自己无法忘怀的过去，却都在BEBOP号上找到归宿，Jet和Faye都渐渐的与过去和解，只可惜Spike始终无法忘记过去，即使舍弃BEBOP号上的美好时光，也要和过去做个了断。,10
如果可以失忆再看一遍,9
如果剧本不完整可以被叫作浪漫，还要好剧本干什么,7
无敌，当年的日升出品必属精品,10
看混沌武士的时候空虚了好久，但是看星际牛仔没这种感觉，不知道是不是因为和朋友一起看的。,9
无可置疑的神作,10
男人还真都是无可救药的浪漫主义者,10
太空中的牛仔，如星空般闪耀,10
日本第一原创动画,10
宇宙神作。其故事本身就是一曲即兴的爵士乐，时而欢快、时而温柔、时而忧郁，仿佛是将摄像头真正伸进了头顶的深空，窥视着每个被过去和现在相互拉扯而重复着相遇与别离的星海一粟。,9
第500标，吃点好的全是单元回，没必要一口气补完，早知道不选你卡500标了，话虽如此，看的过程中也没觉得难熬，毕竟质量实在是太高了，音乐分镜演出作画无一不是顶级，特别是背景作画，对我而言存在感和表现不必音乐来的弱。堪称无敌的配乐，仿佛剧情才是音乐的演出手段，认清这一点后只要投身于那氛围中即可，做好预期管理并享受其中，这就是一部形散神聚，气质独特的太空公路，将浪漫贯彻到底,10
渡边的回数大体令人安心但最后两集fo吴宇森fo的有点审美退化至于有的回数确实是一种没有渡边气质但是想凹出那个造型的不真诚了那种强迫症式的表达孤独好像并没有世外的诗意考虑作画还是留8分档,8
大部分集数没有对上电波,8
个人心目中全方位的神作,10
全方位都有所兼顾的作品，观看时想到了情景化美学一词。尽管每集单元回的时间并不长，但是观众可体验到时长更长的电影也无法提供的悠长感受。是如海明威的短篇一样，在短时间、短篇幅内就能让观众自行品味出韵味长足，意境悠远，意趣横生的作品。入味深的同时表面也易于理解与接受。在同类作品中，《星际牛仔》的确是最好的，,10
渡边信一郎优秀的音乐和极佳的剧情结合在了一起,10
Bgm用心程度高的可怕，几乎没有重复，但并没有让我做到仅凭bgm就能够浮想到相关氛围般的画面，这是我个人观感上的可惜（但op确实神）。ep9爱德华，这集诙谐活泼作画也突出，比较喜欢；ep10不喜欢这集的塑造；ep11腐败龙虾菌成精。对对对就是这个味，加点感官刺激的荒诞故事！；ep木星爵士乐两集，代入不能。比我预想中的科幻程度要低，主要表现于打斗为机械热兵器特别是古法枪斗，但确实没有哪部动画枪战比这个更经得住敲打。其主题上的人文关怀比预想的要多得多，但我并没能由此感到升华。较公路单元剧类型，我更喜欢太空丹迪的整体风格。这一场补番的旅程并没有实现深刻难忘，有点儿浪费了。或者说不定是以后越品越有味道吧,8
配乐剧情人物塑造氛围，几乎是挑不出毛病的神作，同好看下去一定喜欢,9
看完后只有浪漫二字可以形容，真的神作,10
斯帕克夹被过往杀死的男人,10
经典神作，精良的制作，优雅的氛围，故事和画风都很古典派，弱剧情单元剧无论什么时候重新捡起来看都可以，但需要有不浮躁的心和时间。,8
对星际飞行不感兴趣、对牛仔也不感兴趣。只是这部番在情感与剧情上的描绘是如此地恰到好处，以至于我一定会推荐它。,8
星际牛仔是我大量看动画的开始之作，也是我最喜欢的“风味很足”的动画,10
我最讨厌女人小孩和狗,10
完美的视听体验，浪漫至极的故事,9
配乐神中神。本来打9分，最后一集值10分。,10
科幻牛仔浪漫至死神回颇多视听盛宴,9
从此再也无法咽下水煮蛋,10
93我用一只眼睛看着过去，另一只看着现在。可能，我已经死在了那个雨天。男人与女人间的宇宙浪漫悲歌。永远的蓝调，永远的Cowboy,10
心向往之88,9
Youregonnacarrythatweight兴许是最佳单元剧了罢较为单薄的主线亦有令人回味无穷的演出支撑，那些讽刺意味的寓言，亦或预言，更是如此。“adios”所蕴含的一切；“孩童”的天真与残忍淋漓其上，却随着“游乐园”荒诞的一脚去往再无痛苦的世界；总是被忽视的炸弹手，却一语道出那纸醉金迷的人世间；网络世界真真假假已辨不明，数据生命风生水起，但我们终归还是要回到现实世界；得以相聚已是不易，终归还是化为一场离别。所谓海明威的“冰山理论”即是如此，一集太短，却魂牵梦绕，回味悠长。Seeyouspacecowboy,10
可能是本人资历太浅年龄太小，全程都是熬着看完的，真心觉得有点吹过头了音乐很强，但情节几乎没关联，个人可能不太喜欢没主线的叙事,7
这才是真正的浪漫！,10
对我来说是有点不知所云的，可能是年代的缘故吧，确实是我无法欣赏与产生共鸣的作品。能看，也只是能看。,6
8510。演出，音乐很强。剧情真的短板，主线剧情单薄了点。支线剧情偶尔神回，大部分挺一般的。,9
知道最后两集才从西部片的伪装中变为黑帮片，音乐好评。其他来说每小集有很多超前的展望，但是多数有点让人摸不到头脑。,7
感觉各方面都挺好，挑不出毛病，本身自己也对这种有年代感的动漫有层滤镜，这种风格就是有种特殊的感觉，也算是加分项吧,9
Dontthinkjustfeel相遇与别离，过去与现在，与混沌武士相比，这片子的忧郁气质可多多了，这种区别也反映在二者的OST上，当然两者的共性是拥有单独听都迷死人的音乐，喜欢爵士乐的观众千万不要错过。如果说混沌武士主角团是围绕同一主线目标暂时同行的好聚好散，CB的主角团，除开爱德只是不小心与过去走失，在找回后能轻松地回到自己的归宿，其他几人不堪的过去则是将内心荒凉的他们赶向更荒凉的太空。破旧的bebop为真空宇宙中漂泊的牛仔们暂时提供了一个沉重过去的重压下得以喘息的可以回去的地方，抱团取暖的人是没有资格好聚好散的，因此本作的离别总被笼罩上忧郁的阴霾。无法与过去和解的人无法拥有未来，杰特的怀表入海，与旧日情人告别，悼念战友叛徒后转身离开，他选择的未来是守护现在的生活和伙伴，菲重回飞船，割舍失忆前的人与物，选择在新的人生珍视,10
浪漫至极，舍不得看完的动漫。,10
超越时代的世界观和设定！个人觉得有趣的单集：ep8、11、17、23、26,9
spike以为自己是我,9
其实我并不是特别喜欢单元剧的形式，因为可以一直演下去，结尾是一个完整的作品很重要的一环，能在结尾落到什么程度能很大决定作者到底是实力派还是徒有虚名。星际牛仔的单元剧很拉满，令人钦佩的是制作没有拉长到好几季而是立马完结，注定它是留名动画史的作品。,9
个人很喜欢的单集：ep8，10，16，18，20，23。本作确实不愧是经典，很多内容很超前，很有意思。,9
很喜欢cb里透露出来的那种“自由”感，尽管故事的主人公和角色们或多或少都被束缚在了某种东西上，或是过去，或是某种执着；有人选择放下，有人选择背负那份记忆继续前进，而最后的spike选择了直面回忆，他不想一辈子被记忆关住，他想要确认自己是否活着，在一切结束后，他终于获得了真正的自由，一如spike往常的那样，他对到来的组织众人，对这个世界，也是对观众发出了最后的一声“bang”。Youregonnacarrythatweight，现在轮到看完这个故事的你背负着这一切活下去了,10
这个就不解释了，十分！,10
一部可以30年后再拿出来看的作品。,10
星际牛仔剧情（权重05：9画面（权重02：85音乐（权重02：85题材（权重01：8加权总分：87bgm评分：9（91584,9
非常好公路，是我的铁道旋转,9
“从那时起，我就用一只眼睛看着过去，一只眼睛看着未来”。有着上个世纪独属的浪漫剧情,9
渡边信一郎三部曲之一，渡边信一郎真的是个天才一部具有历史意义的动漫，在历史上的地位也很高，单元剧天花板，通过主角与各种各样的人接触，各种情绪在主角身上均有体现，有悲伤，有愤怒，也有欢乐，讲的故事也是风格迥异各有特色，例如讨论宗教信仰，永生，人工智能拥有自我意识等等，而且这部动漫给了我一种很怀旧的感觉，旧的飞行器，旧的音乐以及怀念旧的人十分浪漫的一部动漫，浪漫的故事，浪漫且悲情的男人斯派克菲瓦伦汀这种风格的美女也是我喜欢的类型,9
文化交融的星际世界观加上高雅上流的神级配乐，经典永不过时ep5教堂战回忆，看似玩世不恭，内心却极其看重情义的spikeep10Jet和过去和解的旧情史回ep1213同志、伙伴与寂寞的主题回，放不下过去的spikeep18来自十年前童年Faye的磁带ep20最恐怖最有压迫感的一集，童真的杀人小丑注定被过去所困的男人,10
勇于下自己的判断，niceman，nicewomen，nicedog，niceoldmannicechildnicemusicniceanime,10
补药输给攻壳啊啊啊www,10
公路片动画的天花板与标杆，渡边信一郎将自己的审美品味很好的体现在动画中，配上菅野洋子的神作曲，将音乐与动画电影完美融合，这也是他日后最为人津津乐道的风格特点。说回动画本身，整部片就像布鲁斯与爵士一样带着悠扬回转的浪漫气质与低沉唯美的淡淡忧伤，像酒馆里的一杯西洋酒值得回味，动画后半段看完后给我最大的感受就是有一种心头空空的失落感，就像一个人望着天边夕阳西下不禁感慨,10
诠释男人的浪漫,9
在这个时代再也不会有第二部星际牛仔,10
二刷最佳单集：5141820222324配乐浓浓的西式爵士气息，菅野洋子登峰造极，总是能在对的地方做出神插入，ep5spike进教堂的分镜太帅了和配乐搭配无懈可击，ep20差点杀死男主的小丑也只不过是一个受伤了之后会喊妈妈的变体人，建立了儿童心中的乌托邦之后却被被游乐园设施碾死的死法只令人觉得荒谬，ep22“我只是想要警告对缺乏哲学精神的资本主义做出的一切浪费行为，胡乱开拓的行星，徒劳的不断播放的媒体还有这浪费的象征，高而无用的大楼”ep23令世人恐慌的邪教杀人案件的背后只是一位植物人黑客利用脑电波制作成的数据罢了，而这些数据通过媒体的广泛传播才引来教徒，教徒的死也只是因为脱离了现实社会而已，荒谬的结局揭示媒体才是真正的邪教，二十世纪末日本犯罪率那么高也可以理解这动画思想为何如此超前了,9
fussoir；故事发生在未来，主角们却时不时纠结于自己的过去，明明是科幻片，却处处有怀旧的味道，港风的招牌，吴宇森式的枪战、白鸽，spike神似港式动作片的打斗；一旦涉及背景设定就惜字如金，前几话又看不出什么主线，观感稍微坐牢，适应叙事节奏后渐入佳境，到后半部分更是难以用语言形容的震撼，加上一以贯之的高水准配乐，把视听体验拉到了极致，上个世纪末的动画放到今天来看也没有丝毫过时；可以对比同是渡边监督的混沌武士，都是轻主线重支线的公路片，但是具体演绎截然不同，混沌武士第一话就点出寻找向日葵武士的主线，而星际牛仔的主线更隐晦，话数过半主角们仍是作为赏金猎人在太空中流浪，混沌武士的背景可以参考现实中的江户时代历史，而星际牛仔则是架空的未来，很多线索需要在追番过程中一点点去拼凑和琢磨，否则就会一头雾水；个人最喜欢20小丑安魂曲23电子宗教和末两话,10
romantic,10
后来我买了风衣穿上后对着镜子才发现，原来我不是spike啊歌好听制作在线，氛围拉满,8
片如其名，发生在太空的牛仔故事，音画顶尖，氛围真的有那个时代美国西部的感觉,9
完美的制作完美的配乐如果要让我推荐一部番剧的话cowboybebop绝对是首选cb展示了什么叫做真正的“浪”后世至今都复刻不了的“浪”无需多言,9
一部在任何情况任何时间我都愿意用神作和经典去形容的动画作品极尽浪漫的太空歌剧人生与旅途、过去与自由的散文诗篇,9
补录95，情怀加分，Bebop，优秀的配乐，太空中的孤寂感,10
看到最后的感觉已经不再是悲伤，而是释然二十六集的雨最终停息，死了一百万次的猫也找到了自己的归宿。,10
单元回动漫的神作。即使主线剧情对我而言还是过于零散，但这是单元回的硬伤，已经做得不错了。非常值得一看。,8
无须多言，先85分吧。综合而言起码是个年度级的动画，而且音乐、制作水准、人物刻画、世界观塑造、氛围感，都是历史级的，但其实剧情本身不算那种特别吸引人的风格，重视“味道”，不同剧集间质量略有起伏，感觉前面一些集真的让我觉得很神，后面就有一些达到这个水平。,8
实际上是85分单元剧的架构让叙事差点意思，但篇幅配置合理的脚本配以优秀配乐的情感烘托还算是弥补了这一点但相比之下我还是更偏好把故事分为上下篇的两集而不是一集讲完一个故事最后再赞一遍配乐，虽然剧名写作bebop，但配乐风格涵盖却不止于爵士，可谓广泛。华丽而不喧宾夺主，一切为了整体剧集的呈现而服务。,8
日本单元剧类型的动画中无法超越的巅峰作品,10
EP07好chill的一集爽了这才是江湖EP10“EJM”悲情曲神曲演出特别好节奏也很棒2024年12月20日121205Fin,10
其实是八分，多出来的一分，一半送给渡边，另一半送给世纪末。至于那八分，献给无可救药的浪漫主义,9
最高のロマンス,9
很不错的公路牛仔片很帅,9
去年刚看完觉得有些过誉，只给了8分，但近来压力大了时不时回忆起星际牛仔，很多画面一直深刻在脑内，和flcl一样是不时浮现出来的浪漫,9
气质独特的星际公路片，把单元剧的魅力展现得淋漓尽致，不论是剧情、演出，还是音乐，都会让人忍不住认为这是从未来穿越到过去的作品，可能这就是所谓超越了时间的经典吧。看时一直很抗拒主线（主要指Spike的过往），看完后却又意犹未尽几个被过去束缚的人“不幸”地相聚，而无法看到未来的人已经永远地留在了昨天，这是否能为剩下的人带来一点放下过去，走向未来的勇气呢？SeeyouSpaceCowboy,9
85作为上世纪的tv动画制作相当顶级，印象深的就是神配乐、蒙太奇和灰白处理，部分单元回故事构思很有意思，妙趣横生。但拆得支离破碎的极短割裂感谜语人主线和部分表现极差的单元回，多少有点令人感到遗憾了,8
蛮好看的蛮好听的神作问题不大。但还是渡边那个问题，单元回顶级一拉长主线就小家子气,9
套着科幻外壳的西部牛仔片。,10
音乐画面人物氛围无敌,8
音乐加分太多,8
spike你真是我爹,10
的确能称得上“浪漫”,8
“那个男人一直在寻找过去，如同拼命寻找自己还活着的证据的将死之人”。渡边、信本、菅野，爵士、蓝调、摇滚，港片、太空、牛仔。5、13、18、20、23、24、26话质量较高，“下坠蒙太奇”、“战士的眼泪”、“致十年后的录像带”、“游乐园枪战”、“近乡情怯”、“自己是否还活着”印象深刻。此外，185集的总集篇也值得一看，渡边用“暴走”的mad展示星际牛仔“浪漫至死不渝”的灵魂。本作诞生前，日本动画打戏多为近景镜头、很少同屏且动作单薄，可以说，星际牛仔的打戏作画对日本动画产生了深远影响。本作以动画的形式承载“90年代流行文化”，得益于《星际牛仔》的诞生，人们回望90年代日本动画时，会发现在“冷战结束的遗毒”、“经济崩溃的彷徨”、“世纪交替的迷茫”之外，还有一抹“告别20世纪”的潇洒。“只有记不起梦的人才说自己没有梦，只有让梦溜走的人才是真的没有梦”。,8
从未想过能有一部动漫让我过了这么久依然无法忘怀。无可置否，星际牛仔有几个单集质量确实平均甚至低于平均水平，但大多数都是上等的作品，有些还要多看几遍才能感受到其内涵，更不用说神回频出。于我而言，像孩子一样说话这集我是最喜欢的。随着录像的进行，我的心也貌似走入了自己内心深处被遗忘的哪个角落，而寻找这个角落的我不自觉地和菲重合了，在寻找的过程中，我看到了许多已被我扔进了废墟的记忆，由此我不经感到茫然和空虚，我是否还是曾经的我？而在我听到小时候的的菲的加油时，我总有种辜负了小时候的我的感觉。而这对我来说总还是一次黄昏下草地上微风里浮世外的对人生路的蓦然回首，总还是要继续往前走，但从此，我的心貌似充实了不少。而填补了这一空缺的正是星际牛仔,9
配乐很厉害作画很厉害演出也很厉害但是故事太简单了,8
丰富的爵士乐，西部公路，太空歌剧，赛博朋克,10
什么时候看都不会觉得有损失的作品,8
男人，女人，小孩，还有狗。,9
太牛逼了菅野洋子太牛逼了作画太牛逼了,10
Imnotgonnacarrythatweight,10
24岁一刷，再过5年，10年再来看一遍估计会有不同的感悟吧。,9
100absolutegreatest音乐太爱了,10
首先，音乐真是各种神，各种插入曲让人数次鸡皮疙瘩掉一地。然后，剧情，每一集都制作精良，太喜欢以前的手绘风格了，跟现在比有一种让人踏实的安心感。主线故事有点可惜，都太过简单了，朱丽亚和斯派克之间的感情到底有多深其实完全没感觉出来，就是一下子出现了，一下子又死了。最后斯派克的死，真的挺悲壮的，心里一下子就空了。最后，必须大喊一声，爱德和爱因太可爱了！,8
20240413,10
老式科幻很有感觉，全剧整体给人的氛围感都很不错,9
不知道该怎么说，能感同身受杰特，那种男人之间默契和浪漫。杰特好兄弟，我想和杰特做兄弟,10
91分一個怪物，由那個黃金年代所孕育出來的怪物，是對那個黃金年代的總結，屬於那時的結晶。將牛仔與科幻兩大題材結合的浪漫太空歌劇，做到科幻的盡頭是人文的水平。以至於我不知道應該批評還是讚賞，連分數都很難給。缺點真的很明顯，發展都合結構過於鬆散而且單元回水平也參差不齊，很多時候靠故作深沉的氣氛去掩蓋，導致看完好像什麼都沒看一樣給了我一種別樣的觀看體驗，我無法從上帝視角去看這部動畫。它總是從片面到全面的去把故事講完，我在這個故事中就像一個攝像頭一樣。只有到最後看到了全面才恍然大悟，這讓我起初認為CB是留白的藝術，是成年人之間的心照不宣。後來發現還是人與人相遇與離別的物語，怎樣面對自己過去的故事。可惜我年紀尚小，跟主角們已經過完半生擁有過去不同，所以最後得出的結論是好沉重的NTR故事,9
作画、分镜、演出、配乐都很顶级，特别是配乐方面简直就是神来之笔，使得不会因为时间久远从而埋没它的时尚感，唯一不足就是故事有些简单了,8
动画是在第一层，我们在第二层看，但是spike却像游离在现实的边界，有时入世但更多时候抽离，他像活在15层的不属于这个时代的牛仔,9
毋庸置疑的神作，瑕不掩瑜，感慨万千,9
个人认为适合所有人都看一遍的作品,10
两个月前看的了，确实挺不错，音乐画面都给人一种很酷的感觉。,8
黑帮片，就这样吧。复古情结可能会加分,7
不错的作品，非常喜欢这种风格，无法拒绝这种架空,8
配乐十分浪漫，不过作为以单元回为主的作品，单元回质量相对来说不一。而且与很多人看法相悖，个人觉得主线反而更加浪漫，更富悲情色彩,8
剧情老套了点,9
看不懂的年纪被氛围吸引，看得懂的年纪被内核吸引，很有魔力的作品,10
星际牛仔的浪漫体现在复古上，实际上主角们的故事从未向前流动，而是随着剧情推进回到过去，回到以前爱过的人，更以前那个遥远的时代上去。为什么人们会觉得以前的生活更加浪漫与美好，我认为这种浪漫感来源于认识的模糊，过去发生的事情在你的大脑中已经产生了记忆的断片，大脑无法记住生活中发生的每一个连贯的过程，而那些最美好的瞬间则在过去以片段被记录了下来。人对于过去美好的情愫缠绕上认识的模糊正好填补了连结浪漫的片段的缺失。单元剧的形式正好贴合星际牛仔浪漫的形式，因为星际牛仔正是不连贯的，在科幻的背景下不断回忆过去所发生的人和事，未来与复古强烈的冲突造就了这份独属于星际牛仔的浪漫。不单谈故事内的浪漫，故事外随着时间的流逝，时间自身也在赋予这部作品价值，在如今去看一部千禧年的作品其实也是给我们自身提供了一种复古的情愫，我们自身对于千禧年前的模糊认知也为星际牛仔赋予了浪漫,10
成熟硬派的浪漫感。剧情本身并没能一直保持精彩，回味时后劲很大，但是就是不够好看。。。单元剧部分比较喜欢ep1，10，14，15，17，20，23。（以及和本作并不一定相关但是）“男人的浪漫”这种正面意义全都能被其他说法完整替代、负面意义带有刻板印象地图炮嘲讽意味的词啥时候能消失，尤其对于本作来说常被吹的俩编剧和配乐都是女的，咋能说出“cb是独属于男人的浪漫”这种话的。。。。,8
演出占大分了；不过98年这个风格确实有点emmmm,8
伟大的作品！！,10
日本版古龙，帅是不分时间、地域、民族的。,9
果然是比混沌武士好看多了。斯派克的死属于是意料之内，最后还是心疼菲，失去了过去好不容易回忆起来放下了，又失去了归宿。最后朝天开枪给我难受坏了。所以这部动画是不是可以概括为黑帮两个头头为了马子而产生的争斗啊（什么香港黑道片）,9
剧情说不上好，但是顶级的演出和配乐让氛围营造达到了巅峰，很容易会沉浸进去，并且不会去细究剧情，可以说是用动画本身征服了观众，而且在通篇讲人话的同时又让观众所感受到的远大于所看到的，确实是一部非常棒的作品,9
最迷茫的时候一口气看完的神作，配乐满分，人物满分。,9
为最后三集加到九分。非常出色的音乐和分镜，给予了电影式的观感。Spike最讨厌女人小孩和狗，身边却恰恰集齐了呢，林原惠美的Faye也真是印象深刻，完全不同于零和哀的感觉。非常出色的硬朗西式单元剧宇宙公路片,9
9，神作以上，但缺点相对大些，整体以单元剧为主，主线极其松散印象也不够深刻，但依旧在结尾三集全都收束住了，故事风格和人物确实足够浪漫。单元剧质量差距比较明显，整体来讲剧情比较薄弱但是很充实，主要是打磨不够好，但塞得还是很满没有空虚的感觉，有很多单元剧挺无聊的，也有一两集和攻壳SAC类似的赛博朋克集数，还有三四集神回单元。24集算是把整个故事前面描绘的点点滴滴全都汇聚起来把人生和归途阐释了出来，最后两集结局经典而不失浪漫魅力，结尾三集算是大大缓解了单元回的无聊，酣畅淋漓的收尾让观后体验还是很满足的。,9
浪漫而不止于浪漫，就算看不懂，不触电波我也不觉得cb会低于7分，怎么打出来的？,10
期待值和观感差距最大的一部作品,7
seeyou,9
怅然若失，再多一段时间也好哇，不想这样结束啊。,10
Idontknow,6
已经二刷了感觉过不了多久还会再刷一边,10
为什么是神作？不敢想象这是一部90年代的公路剧，从到处洋溢着爵士气息的音乐到澳门香港街头般的城市街景，充满想象力的太空战斗，既有惊悚的东风和冰箱让人毛骨悚然，也有警长的自杀偿还和爱情的逝去的感动与催泪，这部剧结合了很多日本眼中各国的文化，并且融合地非常好，让人无法想象这是一部90年代有如此开阔视野的作品，星际牛仔为什么是星际牛仔？斯考特可能每集都挫败，但他从未摘下过他的尊严这顶牛仔帽，他始终和人在决斗，始终像个真正的男人一样不惧死亡地奔赴，讲义气，看似爱财的表面始终维持着自身的正义，再加上剧中对很多哲学问题的思考，让这部番剧的高度让其他番剧难以企及。,10
以前总是对于类似“看XX需要人生阅历”“不XX就看不懂”这类爹味很重的嗤之以鼻，但这部番确实不适合还是学生时期的我。“明知道去确认自己是否真正的活着要付出惨重的代价，但还是要去撞个粉碎死跟过去的回忆做个了断，何尝不是一种浪漫”。还是选择了过去吗，斯派克。,10
故事终究会完结的,10
这个年代的作品太有味道了，画面与音乐神中神，男主太帅了，浪漫至死不渝,9
婆罗门动画，不，是情怀党动画。,1
别的不说，逼格与氛围感确实是拉满了，搭配上存在感爆棚的音乐，的确是近些年来很难再体验到的属于老动画的魅力了当然，若是严格标准来看，纯单元剧的形式还是有些限制住上限了，称赞那些优秀神回的同时，也不应忽略那些较为无聊甚至糟糕的集数,9
我被删评啦？,8
不喜欢这玩意被称为神作被他人用来拉踩，每个人自己心中都有一个第一，cowboybebop就是我心中的这部第一,10
活在回忆里，和死亡无异,10
对我唯一的缺点就是单元剧了，个人不喜欢，因为感觉故事没有连贯性。但牛仔有几个单元剧的质量都很高，单拎出来感觉都能拍电影了。op观感很好，虽说过去的故事冲突狗血但能融入到剧情里面，辅以各种镜头给人的观感很好。收尾很棒！浪漫！,9
自己觉得好不好看就行了没必要什么婆罗门,9
音乐的存在感非常强的一个作品98年能做出这样的番无疑是非常牛逼的，客观层面来说确实是一个厉害的作品，其中有几集十分优秀，但扪心自问，抛开时代的光环，我并没有特别喜欢这部番，首先单元剧的形式就自带高分buff，虽然有几集特别优秀，但大部分集数都比较普通，甚至有点无趣，因为部分单集十分优秀而给神作的分数我难以认可，音乐是我不太感冒的风格，机战也不是很有兴趣，作画可圈可点，但放在今天已经不足以称作惊艳,7
菅野洋子配乐风格多变，好听，渡边信一郎经典作品，我自己印象深刻的bgm有askdna和那段小男孩吹的口琴。spike和faye的性格都超喜欢,10
婆罗门魅力时刻，冲击波，完全不认为能到这种高度。小子们最喜欢说这是98年的吧啦吧啦。阿米诺斯！拜托，现在活在2024年的当下！优点直接跳过不表，小子吹的够狠了打戏不感兴趣，单元剧水平参差不齐。存在故弄玄虚镜头，不符科学物理逻辑的超自然故事，就算是近未来也不能在宇宙里直接呼吸吧？漏洞频出直接出戏。伤口治愈速度有一种猫和老鼠的美，区区重伤而已，一到下集又满血复活。音乐无感OP前半不错，神神神在哪？幽默尬吹。每集故事总感觉跟没讲完一样。一集24分钟去掉oped，开头事件发生到解决堪称神速，发展都合婆罗门鼓吹的所谓浪漫，不是纯纯神金？Spike什么莽夫烟鬼呃。ep18逆天对待爱好者收藏物，让我红温结尾也在意料之中，设计痕迹严重，没什么情感起伏感觉不错的单集：ep3478141720,7
无论从哪个角度都足够震撼的神作以interstellar为创作背景，以cowboy精神为内核，二者完美的交相呼应。正如失去地球这一家园迷失在整个星系中穿梭定居的人类，背负着抑或失去过去的灵魂同样在精神世界里孤独的漂泊。四人一狗脆弱的聚在一起，仿佛共同坐上一辆不知驶向何方的车，每一站都有可能有人下车。西部片、蓝调、中国黑帮、失控的人工智能、精神世界的病毒、50年后的遗忘复仇一首接一首的bgm，谱写着那份共同的浪漫和孤独。,10
最佳单元剧公路片，从内到外的忧郁气质奇妙而又浪漫，身与心的灵魂漂流,10
完全是艺术品，虽然剧情比较老套“放在这个年代的动漫应该叫经典”，但表现手法和配乐还有世界观完完全全的撑起了整部作品,9
牛牛，我的牛牛，你怎么死了。怎么被氯气打倒了,10
虚握手指bang,9
极致的美学输出，刻在胶片上的浪漫，幻想中的成人世界,8
又浪漫又帅气的星际牛仔，不得不说角色都非常有魅力，单元剧总体上给人的观感体验也不错，有些集数的风格还是挺独特有味道的。话说配乐真的很劲。,9
一部浪漫反乌托邦的作品，单元剧这种叙事真的是很符合我个人的口味，看完之后意犹未尽。每次再想到星际牛仔那些故事依然不会忘记，我看的时候很开心，看完之后再回忆依然沉浸其中，seeyounext,10
中间单元剧果然质量过于不稳定，剧情上也太不紧凑，几个非常不错的单集被分割得太零散,7
过去的一些名作似乎有不少喜欢做成单元剧的形式来撑起动辄半年番的体量，我觉得日常系作品这样处理没问题，但放到星际牛仔这样真想讲点什么的作品里，就难以避免地导致剧情结构松散、配角多而不精、情绪输出不足的结果。虽然从各个地方都能够看出制作非常用心，但就是缺乏吸引人连续观看的动力，二十多集愣是花了我半年时间才断断续续地看完，你B总排行第二我觉得是过誉了,7
没看懂，也许以后会看懂,6
无论如何，动画史中青史留名的一作，可能是原创动画的goat,9
恰好的安排，推着故事走向高光恰好的安排，引着宿命汇入哑暗,9
95ep1、5、8、10、11、15、18、20、22、23、24、26,10
补标，独属于90年代末的浪漫,10
全是刀子，音乐神中神。最浪漫的宇宙故事只需要简简单单的日常生活就够了。谁不曾想成为一个牛仔亦或是在太空中冒险呢，这或许就是每个人的梦想而孕育出来的番吧。,9
三天补完，整体来说不错，独特的氛围和出神的配乐都为片子提升不少。硬说缺点的话单元回和主线稍有点割裂，尤其是ep22喜剧的一集以后2326整体都是很忧郁的主线稍有些出戏。主线真的是看出来了吴宇森的感觉，动作很帅，人物刻画很好，忧郁的结尾，就是和真正电影比少了点铺垫，这也是单元回多的一点缺点。单元回整体质量也很好，有几话还是非常有思考的，真要说那是我先看了spacedandy所以会期望同样的太空公路能来点科幻，可惜这个非常少。整体来说确实配这个分数,9
单元剧没必要一口气看完独有的魅力,9
20240428作为重看次数最多的一部动画，它在我心中早已超越单纯的作品。这是第一次看完了英配版，应该说这一版spike的配音也是很优秀的，特别性感，而“you”的口头禅又让你觉得spike特别滑头。挺多想说的，但还是不知怎么说，就简单想念一下spike吧。在那一个接一个的日常中，你看了无数人的悲欢离合，你和无数人擦肩而过，也和陌生人或长或短的共事过，你摆出厌世嫉俗的姿态来保护一直困在梦里的自己不会醒来。但在你不知不觉中，那些你在意的事和你不在意的事都在一点点改变你，直到命运的时刻到来天下没有不散的宴席，那些你经历过的人和事终究让你做出了最终的决断。ps：以前不懂为什么那么多主角都选择了孤胆英雄式的结局，多带人不是可以增加生还概率吗？后来才知道这是为了不让重要的人牺牲在那，更何况这特别《英雄本色》啊。另外cb也是油管上lofi视频常客,10
上世纪的浪漫主义情怀，写实的美术风格，配乐顶级，剧情满分，斯派克的死给人以传奇落幕的感觉，尽管那么令人难以置信，可最后那颗守护星的陨落已然说明，斯派克的确是死了，过去的那些也都了结，他就孤独地死在了红龙的阶梯上，身边谁也没有，而留给杰特和菲的，也只有无聊和身处宇宙中的漫无止境的孤独罢了，他们的命运会如何呢？有会怎样死去呢,10
顶级的叙事丰满的人物塑造有趣的故事是很少有的让我感到，我去，我想再看一集的番,10
感觉还好吧可能受限于时代了（也可能是我没审美lol）,7
是过去的，被埋葬的梦。是一切的源头，是颓唐苦臭的一生,9
有趣的浪漫主义太空歌剧,7
管野洋子的配乐加了很多分，好钢用在刀刃上的制作，动作戏充满真人电影致敬，尤其枪战戏致敬吴宇森（甚至出现教堂和白鸽，肉搏戏致敬李小龙，黑社会轮回悲剧暗黑致敬梅尔维尔，如果黑社会仇杀主线扩充出来就更好了，剧情太快了,8
潮，潮出水了的片子，但某种意义上教会了我一期一会这种比较传统的思考方式为什么很重要,9
补标配乐最棒了,10
whatcanisay,9
世纪末的浪漫感,9
音乐是这部番很重要的部分，很多集名字都是不同的音乐，op，ed也有颇具特色的配乐，挺有意思的剧情，还可以的世界观，以及关于spike和jet的过往的几回可以说神回，但是缺点也很明显，除了两个男人的过往回其他回就很单纯，内涵不足或者说毫无内涵和意义，跟一般的休闲回给的观感还不一样，纯粹是凑数的，还有女性的形象全体都非常单薄，用扑朔迷离，难以预测来掩盖，黑客的形象更是连纸片人都不如，纯纯工具人，菲也没有高光，难说有人格魅力可言，作为一部成人动画，很多地方的处理的确很有成年人的风格，跟很多回的闹剧格格不入,7
最喜欢和ed有关的那些篇节，性别模糊而古怪的小女孩在夕阳下走向自己的伟大冒险，但看起来仍然有种似乎是错误的忧伤，过早地出现她身上，她总让我觉得过于寂寞,9
人类一定要珍惜羁绊才行,10
看完很多年了，仍然总是会在不经意间回想起里面的人和事，浪漫主义启蒙动画,9
经典每一集都是一次独特的旅程最后通往同样的浪漫,9
有时候感觉挺有内核但是又不想想那么多，总之就是想让人点进去下一集,9
最完美的日本动漫，浪漫得不像是动漫。现在我知道最浪漫的东西原来属于动漫。,10
男人的浪漫不过如此,7
一只眼眺望着过去，另一只还没晃过神来,9
最喜欢的几部作品之一，没办法简单的评价,9
不尽完美的公路片，但有种浑然一体的纯粹,9
顶级的配乐，顶级的演出，顶级的人物塑造，优秀的剧情。星际牛仔在有极致特长的基础上，其他方面全做到了极好到优秀，电视动画载体上少见的杰作，seeyouspacecawboys。,10
在9和10中间纠结了很久最后还是决定给出10分。这部片子的单元回所讨论的内容和主题宽泛而不失深刻，虽然可能存在一两话平淡的问题，但是仍旧保持了超高水准的发挥。在看这片子的时候，总在想，这就是日本泡沫破碎之前的黄金年代吗？这就是那时候日本人的无边无际的遐想吗？从第一话的第一分钟到spike用手指比枪的那一秒，无不透露出一种只有在那个时代才有的味道虽然我没经历过，但是我知道就应该是这样。它完整的跟拍了一组赏金猎人的聚散和行动，让我真的会看着赏金的高低和头目的抓获与否而沉浸其中，这种沉浸感也是我从没有体验过的。以及部分片段里浓浓的西部牛仔风格，包括第五集先让的三枪，后面的牛仔顶楼战斗等等等等，无愧于星际牛仔的标题。最后是这部片子的浪漫，是一种恰如其分的浪漫，有情有义，为了情义感情，什么都可以放下，在26集手指比枪之后击发，无比的浪漫和无言，10分！,10
浪漫至死的作品,10
谁言老作无大帝,9
相聚与离别残酷的过去，梦幻的未来seeyoucowboy，somedaysomewhere单元剧质量都不错，每个人都在最后面对着自己的过去啊，还有配乐是真的太强了啊！这番老实说无时无刻给我一种浪漫的感觉（也说明出这番的过人之处啊）,10
个人认为过誉，几乎每集都是独立的，注定了剧情不够丰满，很多时候通过儿戏话来规避一些严肃事件；音乐和人设还不错，科幻放到当时肯定是超模的，总体来讲还是值得一看的，就是本来期待很高的，看完了不由得有一种“就这”的感觉,8
最后的布鲁斯蓝调,9
神作，无需多言。太空版的公路片，每一集都有独特的风味。人物美型作画优秀，观看是一种享受。最难忘的是把星星比作战士的眼泪，虽然情节已经记不太清了但那种感动和震颤还留存。太空中的孤寂又纯净的安魂曲，星辰大海中的银铃。,10
24814作画没的说，顶尖水平。剧情一般，感觉没有主线。感觉很多老番都是若干个小故事拼接起来的，故事的衔接不连贯，但丝毫不影响观感。最近的番越来越流水线了，看一部基本就看了一个系列了，没什么特点，而且很多在追的番的续作都垃圾的不得了，心里怪难受的。哎呀，还是17年以前的番好看啊啊啊啊,8
醇香的美酒本应该细细品味，但还是忍不住一口气喝完。第二遍开始才是真正的享受,10
经典的剧情，极佳的演出，优秀的作画，雅俗共赏的配乐，还有塑造优秀的角色，最后再加上一抹独属于那个时代的浪漫，这就是星际牛仔。曾经的港片有多优秀，现在就有多无趣，矮个里面拔高个，已经回不去了。90年代风光无限的好莱坞影片在如今也被了疫情，政治正确等外在（）因素影响而在无法再现当时的质量。相似的例子有很多，或外来干预或自身走向没落。一个时代的潮流总是有会在其巅峰后，迈向下坡路，或许在有一天，又会再一次走进人们的眼中，然后再重复走一遍之前的路，当然，更多的时候是成为一段历史，供人们去回味。现在我正在做着我不太喜欢的工作，我能在我人生最迷茫的时候，看到这部雅俗共赏的浪漫佳作，我觉得这是我的幸运。总结：96分,10
Seeyouspacecowboy！浪漫！24话26话真的神回！永远的神！,9
Seeyouspacecowboy,8
也许是我的理解能力有限，没有看出背后的隐喻，但仍然是很好的一部作品。,8
配乐很神，主线剧情不突出，但作为单元剧这不是硬伤，支线剧情不错，许多剧集都带有遗憾甚至悲剧色彩，能触动人心，或许这就是cb的魅力所在，整体质量很不错,10
除了浪漫还是浪漫,10
浪漫已死？浪漫不死！,9
非常好的风格！超级喜欢。最有魅力的男主之一啊,7
决定了我审美的作品之一,9
经典的太空歌剧,8
在一个个单元剧中，我们见证在这个世界观下展开的一个个人生浮沉。有的人努力生活，有的人随波逐流，有的人自甘堕落，也有的人挣扎向前。斩断过去的人，终将走向新的明天，无法斩断过去的人终将走向毁灭,9
抱着bgmtop2的期待看的，前中期直呼上当，到后段才逐渐感受到作品的魅力。单元剧水平参差不齐，有不少故事过于单薄像鸡肋一样食之无味弃之可惜，可能是时代的关系现在来看大部分演出也算不上多出色，最后几集告别篇算是高光，三个主角的塑造比较出彩，但主线剧情其实很一般，v的塑造不太行。渡边的音乐确实很出色，therealfolkblues也很好听。总体而言个人认为不如混沌武士。,8
出色的音乐和剧情并不是星际牛仔的全部，吸引我的是它那无所不在的细节，成年人之间那无可言说的情愫。星际牛仔的那种自由并不是无拘无束的，而是参杂着自己的情和义，当涉及情义时，金钱变得也不再重要了。故事最后，主角团都和过去进行了告别。杰特告别了过去，情人找到了新的生活。艾德见到了爸爸，后来踏上回家或流浪的路。爱因早早逃离了过去，选择和最理解它的艾德一起流浪。菲找到了过去的记忆，但故地已容不下现在的她，最后选择留在bebop。斯派克找到了茱莉亚，不久后被追杀致死，从而失去了活着的意义，最后和比夏斯同归于尽。于是故事就在遗憾中结束了。伴随着悲壮的音乐，镜头转向了宽广的宇宙空间，人类在此时变得如此渺小。但即使是渺小的人类，也拥有着数不清的过去、现在和未来。所以牛仔们，就此前进吧，不必再问也不必回首,10
西部、废土片在日本的一种独特的形式。一个个故事、一个个角色都追寻自己的过去和未来是反抗、是接受、是沉沦、是逃避所有音符最终汇为一体决定着主题的方向映射着主角们的选择。Spike的过去，Jet的前妻，Faye的故乡，Ed的归宿每个人都无法坦白自己，隐藏着心中的秘密。他们一起吃Jet做的最难吃的饭，可以一起挤在这个破破烂烂的飞船里，一起合力追捕赏金犯，甚至可以为彼此付出生命，但他们无法做到互相坦白保持着内心的孤独。这样的人际关系，或许是对现代人的真实写照，就如同23集里的故事网络成为新一代人的宗教表面人际关系更加热闹实则加重了人的孤独。对待自己的过去我们或许应该和Spike一样直面过去斩断过去，从大梦中苏醒这份情感的力量是CB作为经典最大的魅力。,9
人生如逆旅，我亦是行人,9
只有与过去诀别，才能与未来相拥。,9
神作，在我心中的毫无争议的神作。动画制作上来说，我无可挑剔，在合适的地方，献上合适的演出，行云流水。在需要的地方献上优质的作画，加上神一般的配乐，给我带来了至高无上的视听体验。我觉得他是真的懂牛仔的，那种时而散漫，时而认真，富有神韵。优秀的单元回，一部动画，不可能喜欢他的全部集数，但是让我有这么多喜欢集数的，他是唯一。我在观看过程中甚至看了一半在隔一个月再看，都没有影响观感，忘记剧情。虽然吹得很夸张，但它在我这确实有这么优秀。声优的演绎更是如虎添翼，真的演出神韵了好吧。林原的声音是真的好听呀，喜欢的声音有着好的演技，简直就是享受。呀，结束了呢，真是不舍呢，期待再次遇到如此优秀的动画。,10
结局，明明是命中注定，但还是难以接受。两个人就是会相认，相认之后就是会遭遇阻碍，这个阻碍就是会让两人转移目标，茱莉娅就是会跟着斯派克，茱莉娅就是会在那时一个人死去，斯派克就是会选择前去决斗，决斗最终就是会两两丧命。作为时代的经典仿佛一切就像齿轮一样精准地扣动，仿佛就该是这样。但当名为“经典”的传奇真正展现在自己面前，所有记忆和经验在这种震撼面前都是空话，我还是那个呆呆地看着屏幕前发生的一切，感到根本说不出的悲伤、震撼和难以接受的天真少年,10
渡边信一郎加菅野洋子双雄合作，就这么一部太空歌剧，伟大，无需多言，每一集的配乐和演出都是神级，男人的浪漫！,10
剧情本身以现在的眼光看有点缺乏新意，但这音画确实无敌了，丰富且浪漫，主角团三人也塑造得十分有魅力86,8
难以想象是1998年的作品，历史地位毋庸置疑。然而我站在今天的视角却无法毫不犹豫打出10分，甚至我认为存在过誉和婆罗门现象。和流浪武士一样，渡边将几种风格有机融合；但主线也一样，先是吊你胃口最后大事化小，结局反而没有单元剧某几集震撼深刻。Julia和向日葵武士是同样的，苦苦追寻却又转瞬即逝。在最后的希望破灭后，风在同伴的帮助下生存下来并展开新章；Spike选择一人倒在过去。前者我对天降最强剑神感到不满，后者Vicious的塑造过于工具人，甚至我认为只是为了Spike不自杀殉情而存在的陪葬宿敌。流浪武士我能得到“旅途的意义超过了追寻的结果”，而星际牛仔只给我空虚，非要死了才算Free？越是生不如死，越体现活着的伟大，生命的顽强。结局是浪漫，但不够洒脱。PS：剧场版真就庄周梦蝶，剧情拖沓，还有Spike腹部挨了一枪高空坠水能不死，那我觉得区区刀伤不至,9
本来前面对我来说感觉只有7分的水平，但是最后几集太猛了,9
洒脱而放荡不羁，令人陶醉,9
最爱的动漫，没有之一,10
老一辈动画人的艺术啊！！,10
seeyouspacecowboy,9
艺术品，尤其配乐简直是神,10
名为科幻实为公路片,10
这部作品说明了什么呢，厕纸做得再香也只是擦屁股的工具罢了，优秀作品所需要的天才与热爱，与工业流水线永远不可能在一个档次。动画的优势与意义，热爱动画的原因，感谢你再次让我找回。,10
我如果死了也要烧给我看,10
非常具有作者性的作品，可以看到很多玩票性质的致敬和模仿，音乐与部分单元剧确实堪称优秀，演出方面也可圈可点，但说实话不少故事讲的一般，运用了太多留白去塑造所谓的氛围感，然而带给人的只有一种空洞和单薄，这绝不是一个91分的作品应该出现的问题，个人拙见91分的故事应该是绝对工整的。,8
公路片启蒙，浑然一体的作品。所有写短篇的都可以参考这部作品,9
真的感觉一般般，很多剧情完全把人当傻子，还搞强行升华，最过誉的作品之一了在我看来。出彩点是音乐？,6
称得上集大成之作，音乐也是完美级，配合剧情画面，格调令人难忘,10
爵士漫，最能体现出音乐与演出的重要性的动漫，若没音乐可能就7分。还有，主线收尾是真的急。9,9
最后几集触动很大,9
评分：82差值：10典型的对我来说期望越大失望越大的作品，和解后却对我影响甚深我曾固执地认为在故事中谈其他东西的前提是这得是个好故事，而今亦然，但cb帮我去掉了上述“固执”二字，至少刚看完cb时我因为其潦草的主线和过多扁平的人设感到隔应，加之高评分带来过分的期待度导致的反作用让我一度想打7分；但等肾上腺素作用过去后，我终于得以好好审视它的表层制作和深层思想，并定分8分，Gren的帅脸（人妖属性也起作用了也说不定）和ep23《娱乐至死》的思想与拜读过书的鄙人产生的共鸣各添01分只是恕愚难以感受被强调的所谓浪漫，只觉得有种在残酷背景下描写太多理想情况的失衡感，不过既然是ACGN文化作品哪里逃的开理想情况呢，到底还是我期望定高了罢,8
最喜欢的公路片,10
无法以任何分数来衡量的作品心中当之无愧的六边形战士spike真爷们最爱,10
一部大多剧集都优秀的单元剧。op很好听，一些场景和音乐的搭配水平很高，还有个把比较超前的单元回。单元回中比较出色的个人认为有spike第一次对阵比夏斯，杰特告别过去，菲与未来自己对谈，精神操纵，菲与爱德告别。当然，本作并不全是质量高的单元回，比较灾难的有追一整集的食物病毒，与逗比牛仔对决。另外，爱德这个角色作为主角团实在是缺乏塑造，大多数时间在充当搞笑役，少数时间充当没什么用的工具人，连一个个人回都没有。纯单元剧来说我认为其水平不如迪迦。本作最出彩的当属结局两集，确实挺浪漫，不过没达到我的预期，且除开这两集让我印象深刻的浪漫场景屈指可数，而且同样不够强烈，作为很早就听腻的男人的浪漫最浪漫的动漫大多数时间来说并不怎么浪漫，尤其是和牛仔对决堪称幽默回。本作确实是神作但91的分数个人认为还是过誉了，至少在我看过的动漫里他不会是第二名。85,9
除去浪漫美学以外剧情不算非常出彩，当作欣赏画面和音乐的作品最好，剧情只能算作调味剂,8
经典中的经典,8
永远的神隔一段时间就想重温,10
创造了一种不存在的迷人的幻想，自由又悲痛的哀歌，袅袅离去的回忆般苍黄的剧集。,7
一部充满爵士风味的浪漫主义的伟作演出与脚本都是最顶级的最喜欢菲的几个个人回，有一种时光荏苒物是人非的萧瑟感他们从陌路到相识，默契到不分彼此，他们从相识到陌路，只留下一个故事。,10
无聊的太空枪战单元剧，主线占比极低。浪漫在哪呢，完全感受不到。至少混沌武士的打戏还好看点。,4
（8）别忘了看总集篇mad剧情俗套，但其余演出作画音乐氛围素质顶尖，可惜未曾动人心魄，也许只是notmytype吧普普通通的故事，总能故作深沉文艺也是种才能24分钟的港式武打黑帮片，蛮尴尬的篇幅，好在主线还是很能体现生死过去的感觉的看来是某几个关键单元回大加分才有91，大部分可能都平庸。首先EP⑤坠落确实挺有感觉，但不至于评论所言一话封神⑩Jet前任回依旧典但算有感觉⑪惊悚搞笑回⑬背叛回悲哀氛围不错⑭象棋回喜欢主题，终于脱离港片典中典剧情，目前最佳⑱录像带回感觉不如小南极⑳小丑回感觉不如绮丽梦中人㉒爆笑回点题兼讽刺极左amp资本主义㉓掰扯了下血肉灵魂㉔日常的闭幕总是让人唏嘘，SAC如此、蜂蜜与四叶草如此、CLAS如此，很多很多各种象征很有韵味㉖太有黑帮片感觉了,8
完美的角色塑造，一个群无家的人聚在一起的故事，一段浪漫的故事，一段不想看到终点的旅程，第五集后半部分演出神中神,9
单元剧有几集无聊但也有这些挺不错的，而且里面的音乐是真好听，音乐加分。,8
作为一部单元剧，每一集都称得上有意思也是很难得了。,8
浪漫、至死不渝。死与活、在过去还是在当下，两者两两搭配、随意组合，怎么理解都可。（一个小插曲，我以前补一部老番叫黄金宝贝，我看人设怎么这么眼熟呢原来啊原来，辨识度真的高呀）,9
很难想象日升当时怎么凑出来这个TV动画史上最强的梦之队阵容,10
每年都会重温的作品，甚至专门去定制了八音盒。神作，,10
绝不能错过的单元剧,9
画面人物与配乐的完美融合，寥廓太空里的浪漫歌剧，世纪末的动漫绝唱,9
26集很快就看完了，既可以算科幻战争番也可以算音乐番，里面的音乐非常适合动画，很有感染力。几乎每集都是单独的故事，但是又能通过主角们的背景故事窜连在一起。而这几个角色特点鲜明，让我又爱又恨又共情，除了杰特和狗狗，其他三个人身上都有我受不了的点，但正因如此这些角色才鲜活。也有很多印象深刻的配角。几乎每集都非常好看，有好莱坞电影的感觉，有些镜头像吴宇森拍的枪战片，重在氛围、浪漫，不能深究逻辑。,10
生活在地球上的人为什么能想象出宇宙级别的浪漫啊！在见证一个个悲剧后潇洒离去，在混沌的后现代社会中保留一份淳朴的善心。有的人寻求归宿，有的人望着过去，都始终贯彻着自己的活法。虽然如宇宙中的星星般暗淡且渺小，却也寻找着活着的证明,10
seeyouatspace,10
补的番，有些集数十分浪漫，但有些让我有点无聊。,7
心中无法被逾越的一部动画让人意识到何为真正的神作，一场艺术与灵魂相碰撞而诞生的浪漫主义作品，单元剧穿插主线有着紧凑而不失细腻感人的情节以及令人沉迷的爵士乐塑造出每位极富魅力的角色这是一部讲述浪漫的故事他们都有关于过去的遗憾也都有独属于他们自己的浪漫，故事的终幕随着斯派克的那一声枪响结束了关于过去的这条救赎之路浪漫至死,10
无法拒绝公路片的浪漫！,9
单元回的故事放到现在依然觉得有趣，主线和内涵倒是次要的了,9
无需多言，各个角度都是顶尖的动画。个别单元回我不是很喜欢，但另一些单元回优秀到无与伦比。我给97分,10
私心给满分，cb是盛大的艺术,10
一众老冷器中的浪漫公路片，神插入极多,8
不少单元剧放到现在看已经不是很有趣了。不过管他的，浪漫，实在是太浪漫了，在这氛围面前，言语实在太过无力，尝试描述这种感觉也不过是徒增困扰。bang,10
CowboyBebop通过单元剧的形式完整的展现了一幅星际牛仔世界观下的社会群像使得社会性在全篇人物人格塑造上十分体现的深刻同时也在不同单元中呈现不同文化的艺术精华和风土人情兼具社会反思和人文关怀精妙的对文学艺术的致敬如同BobDylan的叙事诗一样浪漫音乐是全片的一大亮点涵盖不同地区的特色音乐以及传统至现代的音乐风格同时在标题和结尾对音乐文化的致敬真的很有心YouregonnacarrythatweightTheBeatles来自金色梦乡组曲的第二首全片也如同金色梦乡一般浪漫美好,10
A以我现在的评分标准我不会给任何一部作品打满分，但客观来说cb是我看过的最接近满分的存在,9
感动最后几集个人回翻来覆去的看01AsteroidBlues05BalladOfFallenAngels08WaltzForVenus10GanymedeElegy13JupiterJazzPART218SpeakLikeaChild24HardLuckWoman25TheRealFolkBluesPART126TheRealFolkBluesPART2,10
感动无与伦比的感动,10
伟大，作画，配乐，剧情都是上乘中的上乘，高中时期ost翻来覆去听，真正的，优秀的遗憾文学。,9
人物塑造的好用心，故事节奏也非常舒服。特别喜欢第十集杰特说完“因为时间是一直在流动”后的释怀丢表,10
10心目中最好的动漫，配乐和演出都是巅峰,10
好看，但个人而言还是更青睐强主线强剧情的作品，主线剧情比较一般，看点更多在从画面中洋溢而出的浪漫与忧郁气息上,9
氛围片，拿捏到我了,10
半神，作画和制作很惊艳，尤其是考虑年代之后。剧情有硬伤，同时还是那句话，内核和主题被吹得过高了。,8
最好的一点，有些像单元剧一样，即便放下许久也可以再重新拾起来，然后再看一遍,9
西式动画永远难以超越的高峰，渡边信一郎的顶点,9
听了很久很久番里的歌，我直接开始狠狠看,8
重温星际牛仔，好性感的作品,9
如此美丽，如此浪漫，又带着哀伤,9
超越宇宙的浪漫,10
久仰大名ep1风格很不错啊，浪漫的作品，配乐很强优先级3,9
作画很好，剧情看到一半了感觉名气有点配不上，不过作画和音乐确实好,8
op是真经典啊,8
很好的作品，但放到如今，却不够那么吸引人。,8
浪漫，性感。,10
算神作，但不对我胃口，主要还是没啥剧情,7
ep14、16、18、20、21、23、24,10
有趣的灵魂在动画的躯壳里尽情舞蹈,9
20世纪竟然能出这样的作品，牛,9
没有看完，但是确实是一流的作品，不明白为什么很多人恶意刷低分，我拉回来一下。与其说是浪漫不如说是古典，真的很艺术，就像我听管弦乐和音乐剧一样,10
与其说这是“动画”，不如说这是“MV”，甚至可以说就是为了做那些“MV”而创作出了那样的故事。整体故事比较一般质量好的就那么一两个，主线跟支线几乎没有任何联系，就算随便点开一集直接看也不影响任何观感，子弹永远跟都在主角身后放鞭炮。结尾就只交代了Spike的结局，Jet和Faye最后怎么样了都不知道，Ein和Ed好歹ep24就交代了结局。Ein的高智商设定就只在ep23发挥了作用，其他时候基本都是卖萌狗能有这作用就足够了以及与Ed玩；Ed这个角色的塑造是真的差，大多数时候都比较讨厌、比较吵，本来以为ep9那个小电是个伏笔，结果真就什么用也没有，但ep17中Ed意外的观感不错。喜欢的ep：1257811161720242526。,10
看到第三集，故事设计很优秀，镜头信息也很足不会让人感到乏味，有老故事电影的影子,8
SPIKE永远赚不到赏金,8
动画中的湿婆，婆罗门晋级考试的必修课,10
真正的艺术品或许是因为我的人生阅历不太够的缘故，难以读懂CB中真正想要表达的东西，但它那浪漫的气质与营野洋子的神级配乐仍能吸引着我不断看下去，单元剧的设计编排也挺有趣,10
恰到好处的色情度与浪漫,9
值得多刷的艺术品,10
公路漫天花板，无需多言配乐太特么弔了我超！老贼啥时候再和菅姨合作一部,10
剧情可以后面差几集看完到时候再打好评,7
无聊！属于可以边吃饭边看的类型。单元剧，一集一个脚本，难不成指望它把全天下最优秀的脚本家聚在一起？不用想都知道，对于剧情的期待可以降到最低,7
顶级制作，剧情没对上电波,8
飒爽而浪漫，spike真男人，决定慢慢看,9
第一季观感属于不错，尤其是分镜和音乐所表达的感情看我自己有没有动力慢慢看下去吧当时看混沌武士也是有种类似感觉，好看，但看了一半没有打开下一集的动力慢慢来吧,8
属于男人的浪漫,10
在看，一开始就被惊艳了。,9
LetsJam,10
非常nice，普通人物的无力，描写的淋漓尽致。,10
动画的制作没得说，剧情上也比较有想象力。目前来看最大的缺点还是有点天真。因为不是龙珠的世界，而是一颗子弹一个人的情况，这种天真多少有点致命。我感觉主角这种情况下可能形成的性格有冷漠，醉生梦死，逃避，为了攒钱而矛盾，而主角却是有点写意般的游走在这个世界，怎么说呢，有美漫的味道，多吃几颗花生米都融不进去。,6
一切电影爱好者都能接受和好评的动画,10
配乐封神，把氛围营造的完美，虽然主线不明显不过每集质量都很高，配的上神作,10
像做头部按摩一般舒服,9
undefined,9
有趣的音乐，带来冲击的动作,10
前几集观感极佳,9
一个个短篇故事，一首首完美配乐，值得找个时间，慢慢欣赏,9
一部超越那个时代的神作，也是一部唯有那个时代才能做出来的作品,10
配乐好强，单元故事，极致浪漫。,10
看了几集，不好多评价，只觉得看的很投入，二十多年前的番，作画和配乐真是一绝，单元剧的形式也很棒。,9
非常喜欢这个风格，既浪漫，又洒脱。,10
看似简单的单元剧，实则包含了对人性的思考，自我矛盾，成年人的世界，生活的锁事和教训对话剧情情节丝毫不尴尬，每集的情节大体平稳但有起伏有反转，有时会突然出现笑点，让耐不住性子的人也能感受到一丝乐趣。刚开始入手可能有些无趣，但看两集就会完全沉迷其中。,10
一代佳作浪漫的梦,9
没有看完，考完试补全,10
果然看这么老的番还是有点不适应。。,4
生而为人，本就该为自己想要守护的事物付出代价，哪怕为此付诸一生也无碍，可惜天下无不散之筵席，愿你我能承受住孤独，离别、挚爱，归宿。,9
真的牛逼好看,10
牛逼啊好不好，膝盖献上,9
我觉得这个演出真的厉害。单从音乐来说，就称得上神作吧。,10
经典的配乐和剧情，每一集都在像看大片,9
看完想了很多，写了很多，最后还是删掉了。ImgonnacarrythatweightAndseeyoucowboysandcowgirlssomedayandsomewhere,10
前面单元剧部分看的稍微有些无聊但是后面开始进主线就好一点作画太神了，分镜把控也超好,9
5话原地爆炸,9
不解释，因为没看完所以暂给九分，第一集看了五遍以上觉得还能再看，无话可说。,9
神作，无敌，没了,10
完美符合我对帅的一切定义和要求，这才是牛仔,9
制作各种吊非常有味道，看完后回味无穷,10
从剧情到风景到人物，这就是那个年代所贡献出来的美。,9
人情分不过暂且是看了两集感觉完全不对我胃口有空再补,8
一见如故就好像见一个好久不见的老朋友听他在讲故事一样,8
很喜欢渡边，补全中,8
想起来补这片是因为最近买了件印有SPACECOWBOY的T恤理由超冷，哈哈,8
星辰终究只是男人的浪漫。,9
剧情不是很紧凑,7
享受这种感觉,10
第二遍看了，以故事来看，真的是满分。人物的塑造也好，剧情也好。可能就是某些地方细节连接还不够自然。90后的片子，现在的时代变太多了。一直执着于过去的，永远璀璨。既然相遇，就永不相忘。seeuspacecowboy,10
配乐真是美美美,9
终于来看这部神作，看到是渡边和洋子就知道这部番一定不会亏待我的耳朵,10
音乐实在是太赞了,9
渡边情怀之作，菅野洋子封神之作。所谓男人的浪漫。,10
做的有电影的气势，马上看完了,8
newtype连续5年霸榜,9
很适合中二的我,9
好作品不解释,10
单元剧不是很感冒,8
对太空歌剧实在没法提起兴趣，昏昏欲睡，没有看下去的动力,6
剧情很无聊，人设也各画各的，这两点作画和音乐没法弥补，作为动画太硬伤。观感是点击即被一群自我表达欲爆棚的老登强行支教26集，庆幸的是保留了退出键。,6
标记一下等有时间再看重新看一遍吧，好久以前看的基本没留下什么印象,1
N年卡在第6集,7
还行，不怎么来电,9
经典公路番开头op直接挺爽了神作不为过马戏一整个惊艳到了chess那一集挺好看的PS菲小姐经常出现在蒸汽波现场不是很理解（）,9
看了一半比较不适应，没有爆点，节奏缓慢平淡，暂且搁置，以后如果补完再进行评分修改,5
经典公路番，喜欢国际象棋那一话，结尾神了。,9
看了一小半似乎不太对口味，以后再继续看,8
不是很来电，很破碎的剧情吧，对于不磕设定背景的人来说很乏味,6
没看两集，有空会去看,8
洋子的音乐真的顶中顶,9
音樂超讚，可惜對不上電波看不下去，但還是推薦,8
各方面都很好，但仍然没有看下去，果然是我太浮躁了吗。可能成熟后回来再看会有更好的体验,7
以前看了一半没看完，挺有气氛的,8
配乐人设都很不错，但是单元剧很多剧情没深入,8
人生第二部番（当时看了一半）正在补后半部分没想到最感动的是被逼出来的总集篇在电视台的恶行当前，虽有愤慨，却始终一无所惧，这就是cowboy,10
cb着实是我入宅以来所遇到的最大的惊喜。我也算半个爵士爱好者，所以看这部动画我全程高潮，还带双重施法的那种，找回了以前看血界战线的感觉。但我并不认为cb是血界上位，碾压血界什么的。不过这些还是以后再找机会说罢。,10
看了十几集，对不上电波，看来不是很喜欢这种单元剧，遂弃之,6
我没敢看最后两集,10
好多年前看到剩下最后几集就搁置了。可能是因为被剧透了悲伤的结局的缘故吧。,9
人物的说话方式就不能有点创意吗？基本上日系的硬派角色都这种口吻。到最后肯定又是大干一场来解决问题。如果主角不是很能打的话。他的台词就根本帅不过3秒。再说同类型的角色在日漫里太多了，那些对白已经不觉得帅。,6
可能是一部不明觉厉的动画,7
还行，可能因为个人原因吧，画风不是很喜欢,5
剩了两集最高能的没看，留着以后看哈哈,9
补了一点就扔一边了。。等啥时候热血了再捡起来吧！,8
总体感觉很不错，但是个人不喜这类哈哈,7
太几把好看了！当时看到那个天秀20集，考试还是啥鸽了好久,10
逼格片，剧情是硬伤。,7
非常需要对电波的公路片单元剧，补得太吃力了，搁置。以未来宇宙为背景，却有着一股浓浓的八九十年代气息，另外不能在意科学问题。的确各方面很有诚意的作品。剧情：当时来看挺时髦的，现在看实在算不上神；太碎片1；参考了不少著名电影，后来很多作品又以CB为原型。感觉排第一过誉了1。顺说B站灵风组翻译错误好多,6
看到十多集没追下去，记忆犹新的是第一集还是第二集，那个怀孕和男朋友“贩毒”的女人。算是在说这部片子在说什么的一个关键点吧，回头我会再看一遍那段。还没看完不好说什么，但是个人觉得排行第一稍微有点过誉，不过可能结合时代背景有什么是才疏学浅的我无法发现的地方。,8
补番中，果然神作,10
好久了，没有看完啊,8
我当年看没能跟下去，如今也不知道结果。但我也不用知道结果，因为后面十多年年年都有人提这是神作。没错，音乐，节奏，超出时代的动画，都给了我感受，却可惜没能进入我的内心。神作再神，也要对上电波。怪只怪我当年太年轻。,9
目前还没看出神在哪，不妨观测一下,7
真的很久没能遇见让我边看边头皮发麻浑身鸡皮疙瘩的神作了,10
除了音乐还没有给我留下特别深印象的部分。,7
故事本身还是弱了，也没什么长篇故事，放下了就放下了,7
虐得不敢看下去,10
上世纪的老番确实不太适合现在去看了，如果是连续剧就更好了,6
锐利的画风和独树一帜的配乐成功营造出一种宏大、孤独却极其浪漫的氛围感，与之搭配的却是套路般的单元剧。就个人而言，除了OP和Faye始终是一抹亮色，几集之后就很难吸引人看下去了。,7
制作很好，剧情一般,6
2024129：坚持看了几话，发现确实回不去了；剧情不出色的情况下，旧时代的画风也无法让我有兴趣继续看下去了。2024122：重新拿起来补番。202382：第1话看完感觉还不错，音乐创造出的氛围让人印象深刻，设定浮光掠影一看也还可以，就是单兵格斗怎么还是枪支，和星际航行的科技水平对不上啊,6
2023129：坚持看了几话，发现确实回不去了；剧情不出色的情况下，旧时代的画风也无法让我有兴趣继续看下去了2024122：重新拿起来补番202382：第1话看完感觉还不错，音乐创造出的氛围让人印象深刻，设定浮光掠影一看也还可以，就是单兵格斗怎么还是枪支，和星际航行的科技水平对不上啊,6
看过两集看不下去,5
粗制滥造，缺乏灵魂。加入了很多香港元素，甚至配音有普通话。剧情非常无厘头，缺乏铺垫和主线的使命感。,3
男人的梦想无可争议的神作。,10
看了九集弃了，除了第一集，其他剧情都一般。配乐加分,5
超他妈的好看,10
人物动作僵硬对话僵硬，放到以前可能很好看现在就是被秒的喳喳了，看不下去，强忍着看完两集就删了。第一就这？,1
看了几集，有种好莱坞大片的感觉比较失望,4
音乐带感，第一集惊艳，可惜单元剧没踩到我的点，追不进去。,6
节奏有点慢，不太对胃口,6
爵士乐果然垃圾。,1
说实话吧，看了一半实在看不动了，因为我实在不知道他的看点在哪里。我个人对于作画和音乐这方面其实要求不高，剧情在我看来不过就是普通的宇宙冒险故事有点上世纪美国动画的味道，据说有很多的致敬但这个对于提升观看体验好像没有什么太大的作用，我是来看剧情的又不是致敬,5
欢迎走进今日科学之这玩意到底神到什么程度力压gis，eva，clanned成为bangumi动画榜第一。如果把它当普通佳作看，绝对是愉快的体验。但把它当神作看，满脑子只会争先恐后涌出“就这？就这？不会吧不会吧？”,6
难以置信这是98年的作品,7
各方面都不错，但是剧本对我来说没什么吸引力，大概是我没有男人的浪漫吧,7
这个故事讲了什么？看了看评论发现大多数人都是随大溜说这个作品神，实际上只是不明觉厉。如果说是我审美太low，我承认，我欣赏不了这么“高”的作品。,2
反复捡起来想看完，始终是看不完。分给作画和音乐。给我的感觉和攻壳一样剧情平淡，设定也不算有趣。无法欣赏。就是不好看。观感3剧情5角色5演出8音乐10画面9,6
没看点，5集后弃。,5
毫无剧情的说到底配乐分镜等还是为了能够把故事说的更好，这动画完全是在舍本逐末。,5
无论配乐还是剧情都没能发现亮点，看了几集又好像什么都没看过一样,4
